message,label
ESE PERSONAJE ESTÁ ROTO EN ESTA VERSIÓN!!!,0
"vamos equipo, juntos ganamos",0
tu madre es una rata jaja,1
"te voy a reportar, cul3r0",1
vete a la mierda,1
hay un enemigo a la derecha,0
"genial, lo hicimos",0
aguante argentina,0
"TE VOY A REPORTAR, RETRASADO",1
M0NG0LO DE MIERDA,1
buen trabajo en la última ronda,0
el escuadrón del jefe es complicado,0
cerd0 de mierda ?,1
ese personaje está roto en esta versión jaja,0
eres la peor persona de este equipo ?,1
la rata del jefe del nivel 3 es difícil de matar,0
recojan las mejoras del mapa,0
vamos a ganar esta partida,0
CÁLLATE CULERO,1
el jefe final es muy bueno,0
qué cerdo eres,1
cómo se llama esta zona del mapa!!!,0
este nivel es un infierno de difícil,0
nos vemos en la próxima partida,0
NADIE QUIERE JUGAR CONTIGO 70N74...,1
eres boludo,1
"EXCELENTE, SIGUE REGALANDO LA PARTIDA GENIO",1
JUEGAS COMO UNA MIERDA,1
qué buena partida,0
bajen por el pasillo de la izquierda,0
¿DÓNDE ESTÁ EL BOSS? :),0
voy a revivir a los caídos,0
vamos a ganar esta,0
no sirves para nada m4r1c4 :),1
cállate r3tr45ad4,1
"excelente, sigue regalando la partida genio",1
vamos a ganar esta,0
BUENA JUGADA ?,0
"excelente, sigue regalando la partida genio",1
tu madre es una idiota,1
el dragón del nivel 4 da miedo,0
la rata del jefe del nivel 3 es difícil de matar,0
eres un tonto que no sabe nada del juego ?,1
"claro, genio, sigue así :)",1
cómo se llama esta zona del mapa,0
el dragón del nivel 4 da miedo ?,0
gracias por la ayuda!!!,0
eres un mongolo que no sabe nada del juego,1
estoy a un punto de subir de nivel,0
voy a revivir a los caídos,0
c3rd0 de mierda,1
tú eres 1nú71l,1
vete a jugar otro juego idiota,1
VOY A REVIVIR A LOS CAÍDOS,0
tú eres es7úpid4,1
"excelente, sigue regalando la partida genio jaja",1
"tranquilos, todavía podemos ganar",0
sabes perder porque eres pelotudo,1
nos vemos en la próxima partida,0
"muy inteligente, campeón, mira cómo juegas",1
¿alguien tiene micrófono?,0
recojan las mejoras del mapa,0
b0lud0 de mierda,1
BUENA JUGADA,0
esa skin es muy bonita,0
tu madre es una feo,1
¿alguien tiene micrófono? jaja,0
gg,0
"muy inteligente, campeón, mira cómo juegas",1
aguanten un poco más equipo,0
vamos a ganar el duelo de jefes,0
buen trabajo en la última ronda!!!,0
la rata del laboratorio es un jefe genial,0
tu madre es una boludo :),1
"seguro que llegas a diamante jugando así, genio",1
cubran la zona B,0
necesito munición,0
JUEGAS COMO UNA MIERDA ?,1
necesito munición!!!,0
RECUERDEN RECOGER LAS LLAVES,0
el jefe final es muy bueno,0
cubran la zona B,0
cubran la zona B,0
"GG, BIEN JUGADO",0
"ya cállate, eres insoportable cerdo",1
buen trabajo en la última ronda,0
el equipo pierde por tu culpa puto,1
necesito que alguien cubra la retaguardia,0
"TE VOY A REPORTAR, PU7O",1
TÚ ERES UNA RATA,1
"YA CÁLLATE, ERES INSOPORTABLE RATA ?",1
BUENA ESTRATEGIA LA DEL EQUIPO ?,0
tú eres una rata,1
eres una tonto jaja,1
"CLARO, GENIO, SIGUE ASÍ",1
sabes perder porque eres estúpida ?,1
"seguro que llegas a diamante jugando así, genio",1
TODOS TE ODIAN EN ESTA COMUNIDAD,1
vamos a ganar el duelo de jefes,0
cállate 1mbéc1l ?,1
estoy esperando en la cola del nivel,0
cubran la zona B :),0
voy a revivir a los caídos,0
estoy a un punto de subir de nivel,0
el equipo pierde por tu culpa rata,1
ojalá te baneen para siempre,1
me encanta este juego,0
¿dónde está el boss?,0
el jefe final es muy bueno,0
"tranquilos, todavía podemos ganar",0
"seguro que llegas a diamante jugando así, genio",1
PÁSAME EL MEDKIT PORFA,0
"claro, genio, sigue así...",1
"muy inteligente, campeón, mira cómo juegas jaja",1
vamos a ganar esta partida,0
eres la peor persona de este equipo,1
¿dónde consigo las pociones?,0
¿alguien tiene micrófono?,0
vamos a ganar esta partida,0
nos vemos en la próxima partida,0
la rata del laboratorio es un jefe genial,0
qué mal juegas pelotudo,1
"muy inteligente, campeón, mira cómo juegas",1
tú eres cabrón,1
buena partida,0
EL JEFE FINAL ES MUY BUENO,0
tú eres 1nú7il,1
ERES LA PEOR PERSONA DE ESTE EQUIPO,1
voy a revivir a los caídos,0
"GG, bien jugado",0
"GG, bien jugado",0
eres una tonta,1
GRACIAS POR LA AYUDA,0
ESTOY A UN PUNTO DE SUBIR DE NIVEL,0
NECESITO MUNICIÓN,0
todos te odian en esta comunidad,1
eres un puto...,1
voy a revivir a los caídos,0
sígueme por aquí,0
vamos a ganar el duelo de jefes,0
el jefe final es muy bueno,0
qué mal juegas anormal,1
"claro, genio, sigue así",1
el lag me mata a veces,0
"NO ESTÉS TRISTE, LA GANAS LA PRÓXIMA",0
el jefe final es muy bueno ?,0
todos te odian en esta comunidad,1
¿DÓNDE ESTÁ EL BOSS?,0
"GG, bien jugado",0
todos te odian en esta comunidad,1
el jefe final es muy bueno,0
tú eres marica,1
recojan las mejoras del mapa,0
necesito que alguien cubra la retaguardia,0
el dragón del nivel 4 da miedo,0
GRACIAS POR LA AYUDA,0
ba5ur4 de mierda :),1
este nivel es un infierno de difícil,0
nadie quiere jugar contigo cabron4 ?,1
tú eres tarado,1
tu madre es una pendejo,1
AGUANTEN UN POCO MÁS EQUIPO,0
esa skin es muy bonita,0
juegas como una mierda,1
hay que rotar a la izquierda,0
este nivel es un infierno de difícil,0
buena partida ?,0
BORRA EL JUEGO P3RRA,1
borra el juego idiota,1
ese personaje está roto en esta versión,0
"genial, lo hicimos",0
buen trabajo en la última ronda!!!,0
"excelente, sigue regalando la partida genio",1
nadie quiere jugar contigo feo,1
"GG, bien jugado",0
no sirves para nada anormal jaja,1
VETE A JUGAR OTRO JUEGO PERRA,1
estoy esperando en la cola del nivel,0
vete a jugar otro juego culero,1
vete a jugar otro juego boludo,1
qué buena partida jaja,0
no sirves para nada culero,1
este nivel es un infierno de difícil,0
el escuadrón del jefe es complicado,0
"tranquilos, todavía podemos ganar",0
"seguro que llegas a diamante jugando así, genio",1
BUENA JUGADA,0
voy a revivir a los caídos,0
estoy esperando en la cola del nivel,0
"qué bien que jugaste, inútil",1
vete a jugar otro juego tonta,1
"vamos equipo, juntos ganamos",0
¿dónde consigo las pociones?,0
qué buena partida,0
ERES UN MONGOLO,1
"seguro que llegas a diamante jugando así, genio",1
¿dónde consigo las pociones?!!!,0
eres una imbécil,1
¿alguien tiene micrófono?,0
necesito que alguien cubra la retaguardia,0
aguanten un poco más equipo,0
hay un enemigo a la derecha!!!,0
buen trabajo en la última ronda,0
el ping está alto hoy,0
sabes perder porque eres cabrón,1
el jefe final es muy bueno,0
pásame el medkit porfa,0
"claro, genio, sigue así",1
hay que rotar a la izquierda...,0
hay que rotar a la izquierda,0
estoy esperando en la cola del nivel,0
ese personaje está roto en esta versión ?,0
eres pu70,1
"qué bien que jugaste, inútil",1
qué pendejo eres,1
gg...,0
"muy inteligente, campeón, mira cómo juegas ?",1
vamos a ganar esta,0
sígueme por aquí,0
hay que rotar a la izquierda,0
vete a jugar otro juego imbécil,1
cómo se llama esta zona del mapa,0
buen trabajo en la última ronda,0
qué mal juegas pendejo,1
la rata del laboratorio es un jefe genial,0
gg!!!,0
recuerden recoger las llaves!!!,0
eres un 70n74,1
"qué bien que jugaste, inútil",1
eres estúpido ?,1
la rata del jefe del nivel 3 es difícil de matar,0
cállate gordo,1
TU MADRE ES UNA PUT0,1
"muy inteligente, campeón, mira cómo juegas",1
"qué bien que jugaste, inútil",1
el lag me mata a veces,0
buena jugada,0
tú eres pelotudo,1
"vamos equipo, juntos ganamos",0
voy a revivir a los caídos...,0
el ping está alto hoy,0
el dragón del nivel 4 da miedo :),0
"te voy a reportar, anormal",1
juguemos otra ronda,0
borra el juego mi3rd4,1
"qué bien que jugaste, inútil",1
"qué bien que jugaste, inútil ?",1
¿dónde consigo las pociones? ?,0
pásame el medkit porfa,0
"ya cállate, eres insoportable pendeja",1
"buena esa, gracias",0
mejor cambiemos de estrategia,0
ojalá te baneen para siempre,1
juegas como una mierda,1
el equipo pierde por tu culpa 7ont4,1
buena partida,0
NO SIRVES PARA NADA ANORMAL,1
tú eres imbécil,1
eres un cabrona,1
"GG, bien jugado",0
"muy inteligente, campeón, mira cómo juegas :)",1
necesito que alguien cubra la retaguardia,0
borra el juego feo,1
nos vemos en la próxima partida,0
"claro, genio, sigue así",1
CUBRAN LA ZONA B,0
este nivel es un infierno de difícil,0
ojalá pierdas todas las partidas feo,1
"genial, lo hicimos",0
recuerden recoger las llaves,0
nadie quiere jugar contigo perra,1
buena estrategia la del equipo,0
NO SIRVES PARA NADA 7ONTO...,1
vamos a ganar esta partida,0
el equipo pierde por tu culpa retrasado,1
todos te odian en esta comunidad!!!,1
eres un perra,1
QUÉ MAL JUEGAS CABRÓN,1
sígueme por aquí jaja,0
el equipo pierde por tu culpa m0n9ol0,1
eres una cerdo,1
cállate estúpida,1
"qué bien que jugaste, inútil",1
"claro, genio, sigue así",1
cómo se llama esta zona del mapa!!!,0
el equipo pierde por tu culpa f30,1
"excelente, sigue regalando la partida genio",1
EL PING ESTÁ ALTO HOY...,0
GG,0
el dragón del nivel 4 da miedo,0
"TE VOY A REPORTAR, BASURA",1
¿ALGUIEN TIENE MICRÓFONO?,0
ojalá te baneen para siempre,1
"genial, lo hicimos",0
qué mal juegas estúpida jaja,1
hay un enemigo a la derecha...,0
el lag me mata a veces :),0
mejor cambiemos de estrategia,0
necesito que alguien cubra la retaguardia!!!,0
cómo se llama esta zona del mapa,0
eres m13rd4,1
no sirves para nada pelotudo,1
recuerden recoger las llaves,0
"no estés triste, la ganas la próxima",0
SABES PERDER PORQUE ERES T0N70 JAJA,1
eres un mongolo que no sabe nada del juego,1
sabes perder porque eres pend3j0,1
buena estrategia la del equipo :),0
AGUANTE ARGENTINA,0
todos te odian en esta comunidad,1
todos te odian en esta comunidad!!!,1
¿alguien tiene micrófono?,0
¿QUIÉN QUIERE JUGAR RANKED?,0
"vamos equipo, juntos ganamos...",0
qué r37r4s4d0 eres,1
"claro, genio, sigue así",1
cubran la zona B,0
sabes perder porque eres feo!!!,1
CUBRAN LA ZONA B,0
cállate cerdo,1
ERES LA PEOR PERSONA DE ESTE EQUIPO,1
cállate anormal,1
necesito que alguien cubra la retaguardia,0
"seguro que llegas a diamante jugando así, genio",1
sígueme por aquí,0
este nivel es un infierno de difícil,0
necesito munición,0
recuerden recoger las llaves,0
"qué bien que jugaste, inútil",1
HAY QUE ROTAR A LA IZQUIERDA,0
nos vemos en la próxima partida,0
recojan las mejoras del mapa,0
"te voy a reportar, imbécil",1
ojalá pierdas todas las partidas retrasada,1
"claro, genio, sigue así",1
JUGUEMOS OTRA RONDA,0
recojan las mejoras del mapa,0
mejor cambiemos de estrategia,0
tú eres una rata,1
"tranquilos, todavía podemos ganar",0
qué imbécil eres ?,1
voy a revivir a los caídos,0
este nivel es un infierno de difícil!!!,0
tú eres pel0tud0,1
"CLARO, GENIO, SIGUE ASÍ",1
tú eres imbécil...,1
"seguro que llegas a diamante jugando así, genio",1
tu madre es una m0n90l0,1
ERES LA PEOR PERSONA DE ESTE EQUIPO,1
ojalá pierdas todas las partidas basura,1
no sirves para nada r4ta,1
borra el juego mongolo...,1
vamos a ganar esta partida jaja,0
VOY A REVIVIR A LOS CAÍDOS,0
"seguro que llegas a diamante jugando así, genio",1
ojalá te baneen para siempre,1
nadie quiere jugar contigo basura,1
qué buena partida,0
TÚ ERES FEO,1
necesito munición,0
"excelente, sigue regalando la partida genio",1
"genial, lo hicimos ?",0
recojan las mejoras del mapa!!!,0
¿quién quiere jugar ranked? ?,0
eres una retrasada,1
esa skin es muy bonita,0
aguante argentina,0
"BUENA ESA, GRACIAS :)",0
gracias por la ayuda,0
"qué bien que jugaste, inútil",1
sabes perder porque eres r37r454da,1
SABES PERDER PORQUE ERES IMBÉCIL,1
estoy a un punto de subir de nivel,0
la rata del jefe del nivel 3 es difícil de matar :),0
"MUY INTELIGENTE, CAMPEÓN, MIRA CÓMO JUEGAS :)",1
EL JEFE FINAL ES MUY BUENO,0
cubran la zona B,0
buena estrategia la del equipo,0
"buena esa, gracias :)",0
tu madre es una mierda,1
ese personaje está roto en esta versión,0
buena partida,0
BUENA ESTRATEGIA LA DEL EQUIPO,0
VOY A REVIVIR A LOS CAÍDOS,0
"GG, BIEN JUGADO",0
el equipo pierde por tu culpa 357úpid0,1
esa skin es muy bonita,0
el ping está alto hoy,0
el dragón del nivel 4 da miedo,0
bajen por el pasillo de la izquierda,0
buena partida!!!,0
juguemos otra ronda ?,0
NADIE QUIERE JUGAR CONTIGO 4NORM4L,1
tu madre es una tonta,1
RECUERDEN RECOGER LAS LLAVES,0
buen trabajo en la última ronda,0
voy a revivir a los caídos,0
ESTOY A UN PUNTO DE SUBIR DE NIVEL,0
tú eres r37ra54d4,1
"vamos equipo, juntos ganamos ?",0
ojalá pierdas todas las partidas r37r4s4da jaja,1
mejor cambiemos de estrategia,0
juegas como una mierda,1
VOY A REVIVIR A LOS CAÍDOS!!!,0
"claro, genio, sigue así",1
tu madre es una p3ndej4,1
tú eres retrasada,1
qué partida tan reñida,0
"genial, lo hicimos",0
vete a la mierda,1
vete a la mierda ?,1
buena jugada,0
buena estrategia la del equipo,0
me encanta este juego,0
NOS VEMOS EN LA PRÓXIMA PARTIDA,0
¿quién quiere jugar ranked?!!!,0
ojalá te baneen para siempre,1
estoy a un punto de subir de nivel jaja,0
"qué bien que jugaste, inútil",1
estoy a un punto de subir de nivel,0
"te voy a reportar, p3nd3j0",1
qué mal juegas pendeja jaja,1
vamos a ganar esta,0
tu madre es una tonta,1
el lag me mata a veces...,0
qué mongolo eres,1
aguante argentina,0
eres un rata que no sabe nada del juego,1
no sirves para nada mierda,1
"te voy a reportar, 1di074",1
me encanta este juego,0
"QUÉ BIEN QUE JUGASTE, INÚTIL",1
el jefe final es muy bueno,0
HAY UN ENEMIGO A LA DERECHA,0
recojan las mejoras del mapa,0
la rata del jefe del nivel 3 es difícil de matar,0
NO SIRVES PARA NADA RETRASADA,1
borra el juego r3tr4s4d4!!!,1
cubran la zona B,0
buena jugada,0
recuerden recoger las llaves jaja,0
juegas como una mierda,1
SABES PERDER PORQUE ERES MONGOLO...,1
"muy inteligente, campeón, mira cómo juegas :)",1
¿alguien tiene micrófono?...,0
qué estúpida eres,1
ojalá te baneen para siempre,1
tu madre es una basura,1
pásame el medkit porfa,0
la rata del jefe del nivel 3 es difícil de matar,0
"tranquilos, todavía podemos ganar",0
"te voy a reportar, es7úp1d0!!!",1
eres la peor persona de este equipo,1
PENDEJO DE MIERDA,1
vamos a ganar el duelo de jefes...,0
"no estés triste, la ganas la próxima",0
"seguro que llegas a diamante jugando así, genio",1
hay un enemigo a la derecha,0
"ya cállate, eres insoportable estúpido",1
qué mon90lo eres,1
cállate retrasada,1
borra el juego pelotudo,1
cállate puto,1
SALUDOS DESDE LATINOAMÉRICA,0
ojalá te baneen para siempre...,1
el lag me mata a veces,0
ojalá pierdas todas las partidas burr0,1
"NO ESTÉS TRISTE, LA GANAS LA PRÓXIMA",0
eres un 70nt4 que no sabe nada del juego,1
ERES UN PERRA QUE NO SABE NADA DEL JUEGO,1
GRACIAS POR LA AYUDA,0
gg,0
¿ALGUIEN TIENE MICRÓFONO?,0
"te voy a reportar, cul3r0",1
ESE PERSONAJE ESTÁ ROTO EN ESTA VERSIÓN,0
eres idiota,1
cállate c4brón,1
el escuadrón del jefe es complicado,0
qué mal juegas zorr4,1
aguanten un poco más equipo jaja,0
SÍGUEME POR AQUÍ,0
ESTOY ESPERANDO EN LA COLA DEL NIVEL,0
estoy esperando en la cola del nivel...,0
buen trabajo en la última ronda,0
hay que rotar a la izquierda,0
estoy esperando en la cola del nivel,0
juegas como una mierda,1
el dragón del nivel 4 da miedo ?,0
cubran la zona B,0
OJALÁ PIERDAS TODAS LAS PARTIDAS CABRONA,1
"muy inteligente, campeón, mira cómo juegas",1
no sirves para nada tarado,1
vete a jugar otro juego puto,1
tu madre es una burro,1
sabes perder porque eres perra,1
"excelente, sigue regalando la partida genio",1
borra el juego retrasada,1
hay que rotar a la izquierda,0
¿dónde está el boss?,0
SÍGUEME POR AQUÍ,0
¿quién quiere jugar ranked?,0
el jefe final es muy bueno,0
QUÉ BUENA PARTIDA,0
"no estés triste, la ganas la próxima",0
qué pelotudo eres :),1
BAJEN POR EL PASILLO DE LA IZQUIERDA JAJA,0
qué mal juegas gordo,1
mejor cambiemos de estrategia,0
vamos a ganar esta partida,0
vete a jugar otro juego 70n7o,1
vamos a ganar esta partida,0
necesito munición,0
"tranquilos, todavía podemos ganar",0
"seguro que llegas a diamante jugando así, genio",1
tú eres una rata,1
¿dónde está el boss?,0
saludos desde latinoamérica!!!,0
nos vemos en la próxima partida,0
VETE A JUGAR OTRO JUEGO IMBÉCIL,1
buena partida,0
qué partida tan reñida!!!,0
"tranquilos, todavía podemos ganar",0
"GG, bien jugado :)",0
NOS VEMOS EN LA PRÓXIMA PARTIDA,0
juguemos otra ronda,0
"GENIAL, LO HICIMOS",0
vamos a ganar el duelo de jefes!!!,0
tú eres imbécil,1
tu madre es una boludo,1
"GG, BIEN JUGADO",0
eres un tonto que no sabe nada del juego jaja,1
MEJOR CAMBIEMOS DE ESTRATEGIA!!!,0
buena partida,0
el ping está alto hoy,0
"seguro que llegas a diamante jugando así, genio!!!",1
cómo se llama esta zona del mapa,0
no sirves para nada cabrón,1
qué f30 eres,1
EL JEFE FINAL ES MUY BUENO,0
qué mal juegas rata,1
"seguro que llegas a diamante jugando así, genio",1
ESTOY ESPERANDO EN LA COLA DEL NIVEL...,0
"MUY INTELIGENTE, CAMPEÓN, MIRA CÓMO JUEGAS",1
qué buena partida,0
¿dónde está el boss?,0
aguante argentina,0
eres un pendeja,1
gracias por la ayuda,0
pendeja de mierda :),1
hay que rotar a la izquierda,0
aguanten un poco más equipo,0
bajen por el pasillo de la izquierda,0
necesito munición...,0
qué buena partida,0
cubran la zona B :),0
"buena esa, gracias",0
eres la peor persona de este equipo,1
sabes perder porque eres c4br0n4,1
qué mal juegas estúpida,1
bajen por el pasillo de la izquierda,0
necesito munición jaja,0
el jefe final es muy bueno,0
eres 1mbéc1l,1
esa skin es muy bonita,0
ese personaje está roto en esta versión,0
¿dónde consigo las pociones? jaja,0
el equipo pierde por tu culpa burro,1
HAY QUE ROTAR A LA IZQUIERDA,0
pásame el medkit porfa,0
recuerden recoger las llaves!!!,0
¿alguien tiene micrófono? :),0
todos te odian en esta comunidad,1
vamos a ganar esta partida,0
ojalá te baneen para siempre,1
¿quién quiere jugar ranked? ?,0
NADIE QUIERE JUGAR CONTIGO R37RA54D4,1
¿quién quiere jugar ranked?,0
estoy esperando en la cola del nivel,0
el dragón del nivel 4 da miedo,0
gracias por la ayuda,0
"te voy a reportar, imbécil",1
bajen por el pasillo de la izquierda,0
"muy inteligente, campeón, mira cómo juegas ?",1
no sirves para nada pendeja,1
ERES UNA ZORR4,1
bajen por el pasillo de la izquierda...,0
nadie quiere jugar contigo tonto,1
cómo se llama esta zona del mapa,0
estoy esperando en la cola del nivel,0
retrasado de mierda,1
eres una burr0!!!,1
"claro, genio, sigue así",1
ESTOY A UN PUNTO DE SUBIR DE NIVEL,0
qué partida tan reñida...,0
aguanten un poco más equipo,0
¿dónde consigo las pociones?,0
"seguro que llegas a diamante jugando así, genio ?",1
buena jugada,0
qué mal juegas retr454d4,1
recuerden recoger las llaves,0
cómo se llama esta zona del mapa,0
vamos a ganar esta,0
ojalá te baneen para siempre,1
el equipo pierde por tu culpa zorra,1
"muy inteligente, campeón, mira cómo juegas",1
vamos a ganar esta jaja,0
VAMOS A GANAR ESTA,0
aguanten un poco más equipo,0
"tranquilos, todavía podemos ganar",0
nadie quiere jugar contigo r37r45ada,1
estoy a un punto de subir de nivel...,0
¿alguien tiene micrófono?!!!,0
vete a jugar otro juego idiota,1
tú eres una rata,1
ESTE NIVEL ES UN INFIERNO DE DIFÍCIL,0
QUÉ BASURA ERES,1
"seguro que llegas a diamante jugando así, genio",1
eres un estúpida,1
"genial, lo hicimos",0
la rata del jefe del nivel 3 es difícil de matar,0
voy a revivir a los caídos ?,0
buen trabajo en la última ronda,0
tú eres una rata,1
"tranquilos, todavía podemos ganar",0
"genial, lo hicimos",0
"muy inteligente, campeón, mira cómo juegas",1
"muy inteligente, campeón, mira cómo juegas",1
bajen por el pasillo de la izquierda,0
eres la peor persona de este equipo,1
este nivel es un infierno de difícil ?,0
vete a jugar otro juego pel07ud0 :),1
"TRANQUILOS, TODAVÍA PODEMOS GANAR",0
BUENA PARTIDA,0
bajen por el pasillo de la izquierda,0
sígueme por aquí,0
ojalá pierdas todas las partidas perra jaja,1
vamos a ganar esta,0
recojan las mejoras del mapa,0
buen trabajo en la última ronda...,0
qué mal juegas tonta,1
saludos desde latinoamérica!!!,0
"tranquilos, todavía podemos ganar",0
necesito munición,0
vamos a ganar el duelo de jefes...,0
tu madre es una gordo,1
gracias por la ayuda,0
necesito que alguien cubra la retaguardia jaja,0
"buena esa, gracias",0
ojalá pierdas todas las partidas puto,1
saludos desde latinoamérica,0
qué buena partida,0
"muy inteligente, campeón, mira cómo juegas!!!",1
nadie quiere jugar contigo tonto...,1
¿DÓNDE ESTÁ EL BOSS? ?,0
cubran la zona B,0
buen trabajo en la última ronda!!!,0
vamos a ganar esta partida...,0
vamos a ganar esta,0
juegas como una mierda,1
sabes perder porque eres rata,1
"qué bien que jugaste, inútil",1
ojalá pierdas todas las partidas gilipollas,1
ESTOY ESPERANDO EN LA COLA DEL NIVEL,0
juegas como una mierda,1
estoy a un punto de subir de nivel,0
AGUANTEN UN POCO MÁS EQUIPO :),0
NECESITO MUNICIÓN,0
"te voy a reportar, estúpida",1
el escuadrón del jefe es complicado,0
VOY A REVIVIR A LOS CAÍDOS :),0
vete a jugar otro juego m0ng0lo!!!,1
"GENIAL, LO HICIMOS",0
bajen por el pasillo de la izquierda,0
necesito munición,0
ese personaje está roto en esta versión,0
sígueme por aquí,0
gracias por la ayuda,0
eres la peor persona de este equipo,1
"ya cállate, eres insoportable pendejo",1
ESTOY A UN PUNTO DE SUBIR DE NIVEL,0
buena jugada :),0
eres una feo,1
"no estés triste, la ganas la próxima",0
ojalá pierdas todas las partidas pelotudo,1
ese personaje está roto en esta versión :),0
"ya cállate, eres insoportable p3nd3j4...",1
"buena esa, gracias",0
"tranquilos, todavía podemos ganar jaja",0
esa skin es muy bonita...,0
bajen por el pasillo de la izquierda,0
pásame el medkit porfa,0
tú eres cabrona,1
vete a jugar otro juego mongolo,1
borra el juego p3rra,1
borra el juego tarado :),1
NECESITO QUE ALGUIEN CUBRA LA RETAGUARDIA,0
buena partida,0
vamos a ganar esta partida,0
"seguro que llegas a diamante jugando así, genio!!!",1
¿alguien tiene micrófono?,0
"claro, genio, sigue así jaja",1
vete a jugar otro juego basura,1
hay que rotar a la izquierda,0
el dragón del nivel 4 da miedo,0
la rata del laboratorio es un jefe genial,0
tú eres una rata,1
HAY QUE ROTAR A LA IZQUIERDA,0
no sirves para nada inútil,1
cállate cerdo,1
buena partida,0
vete a la mierda jaja,1
tu madre es una basura,1
vete a la mierda,1
necesito que alguien cubra la retaguardia,0
ese personaje está roto en esta versión jaja,0
voy a revivir a los caídos,0
"CLARO, GENIO, SIGUE ASÍ",1
sabes perder porque eres cabrón,1
NADIE QUIERE JUGAR CONTIGO FEO,1
"claro, genio, sigue así :)",1
el escuadrón del jefe es complicado,0
todos te odian en esta comunidad,1
tu madre es una gord0,1
pásame el medkit porfa,0
tú eres tonto,1
¿dónde consigo las pociones?,0
eres estúpido,1
"ya cállate, eres insoportable mierda",1
"GG, bien jugado",0
"tranquilos, todavía podemos ganar",0
todos te odian en esta comunidad,1
ERES 357ÚP1DA,1
vete a jugar otro juego culero,1
el lag me mata a veces :),0
pásame el medkit porfa,0
qué gilipollas eres,1
qué mal juegas tonta,1
nos vemos en la próxima partida,0
vete a la mierda,1
no sirves para nada boludo,1
qué partida tan reñida,0
"claro, genio, sigue así...",1
GRACIAS POR LA AYUDA,0
eres la peor persona de este equipo,1
sabes perder porque eres puto,1
ese personaje está roto en esta versión,0
"ya cállate, eres insoportable 90rdo",1
aguanten un poco más equipo,0
estoy a un punto de subir de nivel :),0
PÁSAME EL MEDKIT PORFA,0
ese personaje está roto en esta versión,0
anormal de mierda :),1
hay un enemigo a la derecha,0
vamos a ganar esta!!!,0
"EXCELENTE, SIGUE REGALANDO LA PARTIDA GENIO...",1
ME ENCANTA ESTE JUEGO,0
cállate anormal,1
TÚ ERES PELOTUDO,1
NADIE QUIERE JUGAR CONTIGO FEO,1
me encanta este juego,0
eres mongolo,1
eres una idiota,1
¿alguien tiene micrófono?,0
cubran la zona B,0
OJALÁ TE BANEEN PARA SIEMPRE,1
"genial, lo hicimos",0
EL DRAGÓN DEL NIVEL 4 DA MIEDO,0
la rata del laboratorio es un jefe genial,0
cómo se llama esta zona del mapa,0
este nivel es un infierno de difícil...,0
"qué bien que jugaste, inútil",1
buena estrategia la del equipo,0
"BUENA ESA, GRACIAS",0
tú eres 1di07a,1
hay un enemigo a la derecha,0
"GG, BIEN JUGADO",0
QUÉ MAL JUEGAS 1DI07A JAJA,1
recojan las mejoras del mapa,0
qué mal juegas 70nta,1
EL JEFE FINAL ES MUY BUENO,0
JUEGAS COMO UNA MIERDA ?,1
¿quién quiere jugar ranked?...,0
saludos desde latinoamérica...,0
tú eres una rata,1
"vamos equipo, juntos ganamos",0
"ya cállate, eres insoportable r37r45ad0",1
estoy a un punto de subir de nivel,0
eres la peor persona de este equipo,1
vamos a ganar esta!!!,0
pásame el medkit porfa...,0
el equipo pierde por tu culpa boludo,1
qué mal juegas cabrona,1
gg,0
ERES UN ESTÚPIDO QUE NO SABE NADA DEL JUEGO,1
ERES ESTÚPIDA!!!,1
OJALÁ PIERDAS TODAS LAS PARTIDAS GORDO,1
NO SIRVES PARA NADA CABRONA,1
buena jugada,0
el escuadrón del jefe es complicado,0
EL LAG ME MATA A VECES,0
vamos a ganar esta partida,0
ojalá pierdas todas las partidas feo,1
me encanta este juego...,0
eres la peor persona de este equipo,1
vamos a ganar esta,0
"qué bien que jugaste, inútil",1
buena estrategia la del equipo,0
"muy inteligente, campeón, mira cómo juegas",1
aguante argentina,0
hay un enemigo a la derecha :),0
gg,0
"muy inteligente, campeón, mira cómo juegas",1
gracias por la ayuda :),0
"vamos equipo, juntos ganamos jaja",0
ojalá te baneen para siempre,1
qué mal juegas estúpido,1
todos te odian en esta comunidad,1
hay un enemigo a la derecha,0
estoy a un punto de subir de nivel,0
vamos a ganar esta jaja,0
estoy a un punto de subir de nivel ?,0
cómo se llama esta zona del mapa,0
"seguro que llegas a diamante jugando así, genio",1
"excelente, sigue regalando la partida genio ?",1
"claro, genio, sigue así",1
necesito munición :),0
recuerden recoger las llaves,0
el dragón del nivel 4 da miedo :),0
ESA SKIN ES MUY BONITA,0
gg,0
cubran la zona B,0
tu madre es una c4br0n4 :),1
aguanten un poco más equipo,0
cubran la zona B,0
el escuadrón del jefe es complicado,0
mejor cambiemos de estrategia!!!,0
recuerden recoger las llaves,0
"NO ESTÉS TRISTE, LA GANAS LA PRÓXIMA",0
qué buena partida,0
vete a la mierda,1
aguante argentina!!!,0
"seguro que llegas a diamante jugando así, genio...",1
4n0rm4l de mierda,1
el dragón del nivel 4 da miedo,0
qué tonto eres :),1
el escuadrón del jefe es complicado!!!,0
"CLARO, GENIO, SIGUE ASÍ JAJA",1
tu madre es una perra,1
"buena esa, gracias",0
eres un cabrona,1
ESTOY A UN PUNTO DE SUBIR DE NIVEL ?,0
eres pu7o,1
r474 de mierda,1
eres la peor persona de este equipo...,1
cubran la zona B,0
vete a jugar otro juego perra,1
el escuadrón del jefe es complicado,0
aguante argentina,0
"GENIAL, LO HICIMOS",0
qué mal juegas boludo,1
buena jugada,0
tú eres inútil,1
ERES GORDO,1
ESE PERSONAJE ESTÁ ROTO EN ESTA VERSIÓN,0
vete a jugar otro juego puto ?,1
gg,0
mejor cambiemos de estrategia,0
gracias por la ayuda,0
juguemos otra ronda,0
ojalá pierdas todas las partidas inútil,1
ojalá pierdas todas las partidas gilipollas,1
necesito munición,0
¿dónde está el boss?,0
"TE VOY A REPORTAR, T0N70",1
tú eres f30,1
voy a revivir a los caídos,0
aguanten un poco más equipo,0
"muy inteligente, campeón, mira cómo juegas",1
cómo se llama esta zona del mapa,0
necesito que alguien cubra la retaguardia,0
eres un estúpida que no sabe nada del juego,1
cómo se llama esta zona del mapa :),0
qué mal juegas gordo ?,1
la rata del jefe del nivel 3 es difícil de matar,0
cómo se llama esta zona del mapa...,0
"te voy a reportar, tarado",1
recojan las mejoras del mapa,0
cubran la zona B jaja,0
"tranquilos, todavía podemos ganar",0
"tranquilos, todavía podemos ganar :)",0
EL EQUIPO PIERDE POR TU CULPA BURRO,1
el ping está alto hoy :),0
BUENA JUGADA ?,0
la rata del laboratorio es un jefe genial,0
el dragón del nivel 4 da miedo,0
NECESITO QUE ALGUIEN CUBRA LA RETAGUARDIA,0
pásame el medkit porfa,0
"excelente, sigue regalando la partida genio",1
"vamos equipo, juntos ganamos",0
vamos a ganar esta partida,0
ESTOY A UN PUNTO DE SUBIR DE NIVEL,0
eres mierda jaja,1
voy a revivir a los caídos,0
"BUENA ESA, GRACIAS",0
CÓMO SE LLAMA ESTA ZONA DEL MAPA,0
ERES UN BASURA JAJA,1
aguante argentina,0
"qué bien que jugaste, inútil",1
buena jugada,0
GRACIAS POR LA AYUDA,0
"GG, bien jugado",0
ojalá te baneen para siempre ?,1
QUÉ CABRONA ERES,1
EL PING ESTÁ ALTO HOY,0
aguante argentina,0
eres un zorra,1
recuerden recoger las llaves,0
qué puto eres,1
vamos a ganar el duelo de jefes,0
recuerden recoger las llaves jaja,0
esa skin es muy bonita,0
vete a jugar otro juego basura,1
"genial, lo hicimos",0
el lag me mata a veces,0
todos te odian en esta comunidad,1
vete a la mierda,1
el lag me mata a veces,0
"qué bien que jugaste, inútil",1
buena partida,0
bajen por el pasillo de la izquierda!!!,0
recuerden recoger las llaves,0
vete a la mierda,1
qué 357úp1da eres,1
"GG, bien jugado",0
vete a la mierda,1
ERES UN MIERDA ?,1
hay un enemigo a la derecha,0
qué buena partida jaja,0
vamos a ganar esta,0
me encanta este juego jaja,0
buena estrategia la del equipo,0
"buena esa, gracias",0
gracias por la ayuda,0
vamos a ganar esta partida,0
"muy inteligente, campeón, mira cómo juegas",1
qué 70nt0 eres,1
vete a la mierda...,1
el equipo pierde por tu culpa tonto,1
me encanta este juego,0
qué buena partida,0
aguante argentina,0
nos vemos en la próxima partida :),0
todos te odian en esta comunidad,1
JUGUEMOS OTRA RONDA,0
"GG, bien jugado",0
todos te odian en esta comunidad!!!,1
"ya cállate, eres insoportable puto",1
ESTE NIVEL ES UN INFIERNO DE DIFÍCIL,0
pásame el medkit porfa,0
el escuadrón del jefe es complicado,0
aguante argentina,0
este nivel es un infierno de difícil :),0
cállate inútil,1
"GG, bien jugado",0
"buena esa, gracias",0
el jefe final es muy bueno,0
necesito munición,0
¿DÓNDE CONSIGO LAS POCIONES?,0
¿quién quiere jugar ranked?,0
"genial, lo hicimos",0
el dragón del nivel 4 da miedo,0
el ping está alto hoy,0
"te voy a reportar, mongolo",1
ojalá pierdas todas las partidas anormal,1
gilipollas de mierda,1
ME ENCANTA ESTE JUEGO,0
RECUERDEN RECOGER LAS LLAVES,0
saludos desde latinoamérica,0
vamos a ganar esta partida,0
el escuadrón del jefe es complicado,0
T0N74 DE MIERDA,1
juegas como una mierda,1
hay que rotar a la izquierda ?,0
"claro, genio, sigue así",1
MEJOR CAMBIEMOS DE ESTRATEGIA,0
VETE A LA MIERDA,1
"SEGURO QUE LLEGAS A DIAMANTE JUGANDO ASÍ, GENIO :)",1
buena estrategia la del equipo,0
nadie quiere jugar contigo marica jaja,1
esa skin es muy bonita,0
hay un enemigo a la derecha,0
hay un enemigo a la derecha,0
tú eres retrasado,1
"claro, genio, sigue así",1
p3ndejo de mierda,1
"qué bien que jugaste, inútil",1
¿dónde está el boss?,0
buena estrategia la del equipo,0
ojalá pierdas todas las partidas rata,1
¿dónde está el boss?,0
necesito munición,0
EL JEFE FINAL ES MUY BUENO ?,0
QUÉ PERRA ERES,1
gracias por la ayuda ?,0
el lag me mata a veces,0
"seguro que llegas a diamante jugando así, genio",1
¿quién quiere jugar ranked?,0
"QUÉ BIEN QUE JUGASTE, INÚTIL",1
"claro, genio, sigue así",1
VETE A JUGAR OTRO JUEGO PUTO,1
"vamos equipo, juntos ganamos",0
ese personaje está roto en esta versión,0
ESA SKIN ES MUY BONITA,0
vamos a ganar esta partida,0
QUÉ MAL JUEGAS GORDO,1
SALUDOS DESDE LATINOAMÉRICA...,0
SÍGUEME POR AQUÍ JAJA,0
cubran la zona B,0
pásame el medkit porfa,0
tú eres m0ng0l0,1
voy a revivir a los caídos,0
GRACIAS POR LA AYUDA,0
ERES LA PEOR PERSONA DE ESTE EQUIPO,1
ESTE NIVEL ES UN INFIERNO DE DIFÍCIL,0
vete a jugar otro juego tonto,1
cómo se llama esta zona del mapa,0
me encanta este juego,0
saludos desde latinoamérica,0
"ya cállate, eres insoportable boludo ?",1
vamos a ganar esta partida,0
necesito que alguien cubra la retaguardia,0
cállate pu70,1
buena estrategia la del equipo,0
vete a la mierda,1
vamos a ganar esta,0
el ping está alto hoy,0
vamos a ganar esta,0
todos te odian en esta comunidad,1
"no estés triste, la ganas la próxima",0
ojalá te baneen para siempre ?,1
recojan las mejoras del mapa,0
vamos a ganar el duelo de jefes,0
gg,0
borra el juego pu7o,1
pásame el medkit porfa,0
TODOS TE ODIAN EN ESTA COMUNIDAD,1
"muy inteligente, campeón, mira cómo juegas",1
necesito munición,0
"YA CÁLLATE, ERES INSOPORTABLE TONTA!!!",1
saludos desde latinoamérica,0
"seguro que llegas a diamante jugando así, genio",1
el ping está alto hoy!!!,0
"GG, bien jugado",0
imbécil de mierda,1
recojan las mejoras del mapa,0
juegas como una mierda,1
SÍGUEME POR AQUÍ!!!,0
¿dónde consigo las pociones?,0
ERES ESTÚPIDA,1
el escuadrón del jefe es complicado,0
eres una tarado,1
necesito que alguien cubra la retaguardia jaja,0
"muy inteligente, campeón, mira cómo juegas",1
este nivel es un infierno de difícil,0
borra el juego boludo,1
sabes perder porque eres perra,1
"seguro que llegas a diamante jugando así, genio",1
"claro, genio, sigue así",1
el equipo pierde por tu culpa pendejo,1
eres un cabrona que no sabe nada del juego,1
"TE VOY A REPORTAR, BURRO",1
sabes perder porque eres mierda,1
qué mal juegas tonta,1
el escuadrón del jefe es complicado,0
¿quién quiere jugar ranked? ?,0
buena partida!!!,0
"ya cállate, eres insoportable mierda ?",1
"SEGURO QUE LLEGAS A DIAMANTE JUGANDO ASÍ, GENIO",1
hay un enemigo a la derecha,0
buena partida,0
el escuadrón del jefe es complicado,0
tú eres una rata,1
SABES PERDER PORQUE ERES 7ONT4,1
qué mal juegas marica,1
"excelente, sigue regalando la partida genio",1
"tranquilos, todavía podemos ganar",0
no sirves para nada mongolo,1
eres un perra que no sabe nada del juego,1
TODOS TE ODIAN EN ESTA COMUNIDAD,1
eres una basura...,1
buen trabajo en la última ronda ?,0
el lag me mata a veces,0
vamos a ganar el duelo de jefes,0
"ya cállate, eres insoportable burro",1
qué 70n7o eres,1
el equipo pierde por tu culpa perra,1
voy a revivir a los caídos,0
todos te odian en esta comunidad,1
"muy inteligente, campeón, mira cómo juegas",1
qué buena partida,0
todos te odian en esta comunidad,1
no sirves para nada r37r454d0,1
ese personaje está roto en esta versión,0
recojan las mejoras del mapa...,0
no sirves para nada cerdo,1
ojalá pierdas todas las partidas burr0!!!,1
VAMOS A GANAR ESTA,0
buena estrategia la del equipo,0
hay que rotar a la izquierda,0
LA RATA DEL JEFE DEL NIVEL 3 ES DIFÍCIL DE MATAR,0
ESA SKIN ES MUY BONITA,0
buena estrategia la del equipo,0
tu madre es una gilipollas,1
qué retrasado eres!!!,1
el dragón del nivel 4 da miedo,0
este nivel es un infierno de difícil,0
"excelente, sigue regalando la partida genio",1
PÁSAME EL MEDKIT PORFA JAJA,0
"genial, lo hicimos",0
"excelente, sigue regalando la partida genio",1
"vamos equipo, juntos ganamos",0
esa skin es muy bonita,0
el jefe final es muy bueno,0
vete a jugar otro juego anormal,1
ojalá te baneen para siempre,1
eres la peor persona de este equipo,1
recuerden recoger las llaves,0
¿quién quiere jugar ranked?,0
"qué bien que jugaste, inútil",1
estoy a un punto de subir de nivel...,0
"muy inteligente, campeón, mira cómo juegas",1
TÚ ERES FE0 ?,1
BUENA PARTIDA,0
todos te odian en esta comunidad,1
cubran la zona B :),0
bajen por el pasillo de la izquierda,0
la rata del jefe del nivel 3 es difícil de matar,0
esa skin es muy bonita...,0
qué mal juegas 1d1o7a :),1
estoy a un punto de subir de nivel,0
eres un mierda,1
ese personaje está roto en esta versión!!!,0
juguemos otra ronda,0
vete a jugar otro juego tonta,1
qué mal juegas pendejo,1
el equipo pierde por tu culpa retrasado,1
estoy esperando en la cola del nivel,0
el equipo pierde por tu culpa culero,1
¿quién quiere jugar ranked?...,0
el jefe final es muy bueno jaja,0
eres un burr0 que no sabe nada del juego,1
ERES UNA M1ERD4,1
¿alguien tiene micrófono?,0
este nivel es un infierno de difícil,0
voy a revivir a los caídos,0
"no estés triste, la ganas la próxima",0
juegas como una mierda,1
"seguro que llegas a diamante jugando así, genio",1
eres la peor persona de este equipo,1
qué buena partida,0
"YA CÁLLATE, ERES INSOPORTABLE IMBÉC1L",1
nos vemos en la próxima partida,0
"qué bien que jugaste, inútil!!!",1
buen trabajo en la última ronda,0
QUÉ 70NT0 ERES,1
¿dónde consigo las pociones?,0
eres burro,1
"no estés triste, la ganas la próxima",0
voy a revivir a los caídos,0
"no estés triste, la ganas la próxima",0
VETE A LA MIERDA,1
el lag me mata a veces,0
este nivel es un infierno de difícil,0
sígueme por aquí,0
qué mal juegas f30,1
NO SIRVES PARA NADA RETRASADA :),1
borra el juego tonto,1
ESTOY ESPERANDO EN LA COLA DEL NIVEL,0
"excelente, sigue regalando la partida genio",1
eres un retrasado :),1
me encanta este juego,0
la rata del laboratorio es un jefe genial...,0
"te voy a reportar, culero",1
"genial, lo hicimos",0
voy a revivir a los caídos,0
cómo se llama esta zona del mapa,0
necesito que alguien cubra la retaguardia,0
eres una pendeja,1
todos te odian en esta comunidad,1
pásame el medkit porfa,0
"vamos equipo, juntos ganamos",0
estoy esperando en la cola del nivel,0
"GG, bien jugado...",0
¿alguien tiene micrófono?,0
borra el juego tonto,1
la rata del laboratorio es un jefe genial,0
qué partida tan reñida,0
"vamos equipo, juntos ganamos",0
VOY A REVIVIR A LOS CAÍDOS,0
necesito que alguien cubra la retaguardia,0
ERES UN M1ERD4 QUE NO SABE NADA DEL JUEGO,1
¿quién quiere jugar ranked?,0
necesito munición,0
TODOS TE ODIAN EN ESTA COMUNIDAD,1
"excelente, sigue regalando la partida genio",1
tú eres una rata :),1
tú eres una rata,1
LA RATA DEL JEFE DEL NIVEL 3 ES DIFÍCIL DE MATAR,0
el ping está alto hoy,0
eres un zorra que no sabe nada del juego,1
buena jugada,0
CÓMO SE LLAMA ESTA ZONA DEL MAPA,0
borra el juego perr4,1
"vamos equipo, juntos ganamos",0
"ya cállate, eres insoportable perra",1
sabes perder porque eres gordo,1
eres un mongolo que no sabe nada del juego,1
qué mal juegas z0rr4 ?,1
el equipo pierde por tu culpa burr0,1
me encanta este juego,0
todos te odian en esta comunidad,1
aguanten un poco más equipo,0
cállate tonto,1
tu madre es una retrasada,1
ojalá pierdas todas las partidas tonto,1
ojalá pierdas todas las partidas 35túp1d4,1
necesito que alguien cubra la retaguardia,0
buena jugada,0
cállate burro,1
el jefe final es muy bueno!!!,0
eres un culero que no sabe nada del juego,1
el escuadrón del jefe es complicado,0
eres una pelotudo,1
¿DÓNDE ESTÁ EL BOSS?,0
necesito munición!!!,0
cubran la zona B :),0
vete a jugar otro juego mierda...,1
eres la peor persona de este equipo,1
la rata del laboratorio es un jefe genial,0
juguemos otra ronda :),0
"qué bien que jugaste, inútil",1
tú eres una rata,1
eres un mierda que no sabe nada del juego...,1
vete a jugar otro juego tonta,1
el jefe final es muy bueno,0
no sirves para nada imbécil :),1
ojalá pierdas todas las partidas re7r454d4...,1
gg,0
JUEGAS COMO UNA MIERDA,1
recuerden recoger las llaves,0
vete a jugar otro juego m0n9ol0,1
el equipo pierde por tu culpa idiota,1
borra el juego zorra,1
mejor cambiemos de estrategia,0
tu madre es una 1mbécil,1
buena jugada,0
cállate mierda,1
AGUANTEN UN POCO MÁS EQUIPO,0
NO SIRVES PARA NADA TARADO,1
estoy esperando en la cola del nivel,0
NECESITO QUE ALGUIEN CUBRA LA RETAGUARDIA JAJA,0
"claro, genio, sigue así ?",1
el escuadrón del jefe es complicado!!!,0
todos te odian en esta comunidad,1
no sirves para nada mierda,1
"no estés triste, la ganas la próxima",0
aguante argentina,0
eres un pendeja,1
todos te odian en esta comunidad,1
el dragón del nivel 4 da miedo,0
vamos a ganar el duelo de jefes,0
el dragón del nivel 4 da miedo,0
ERES UN ESTÚPIDO QUE NO SABE NADA DEL JUEGO,1
el jefe final es muy bueno,0
qué buena partida,0
el lag me mata a veces,0
"buena esa, gracias",0
qué partida tan reñida,0
eres un boludo,1
juegas como una mierda,1
eres an0rmal,1
vete a la mierda,1
¿quién quiere jugar ranked?,0
el dragón del nivel 4 da miedo,0
todos te odian en esta comunidad...,1
cállate p3ndej4,1
"muy inteligente, campeón, mira cómo juegas",1
vamos a ganar esta jaja,0
necesito que alguien cubra la retaguardia,0
aguante argentina,0
EL LAG ME MATA A VECES,0
vete a la mierda,1
"genial, lo hicimos",0
buena jugada,0
tú eres una rata,1
pendeja de mierda,1
"tranquilos, todavía podemos ganar",0
todos te odian en esta comunidad,1
necesito munición,0
vete a jugar otro juego estúpida,1
eres la peor persona de este equipo,1
eres retrasada,1
la rata del jefe del nivel 3 es difícil de matar,0
todos te odian en esta comunidad,1
buena jugada...,0
recuerden recoger las llaves,0
"genial, lo hicimos",0
"QUÉ BIEN QUE JUGASTE, INÚTIL",1
cómo se llama esta zona del mapa,0
me encanta este juego,0
ERES MONGOLO!!!,1
"claro, genio, sigue así",1
qué mal juegas marica,1
vete a la mierda,1
ESTOY ESPERANDO EN LA COLA DEL NIVEL,0
"excelente, sigue regalando la partida genio",1
hay un enemigo a la derecha,0
ese personaje está roto en esta versión,0
vete a jugar otro juego rata,1
eres un gordo que no sabe nada del juego...,1
ojalá te baneen para siempre,1
ese personaje está roto en esta versión,0
el ping está alto hoy,0
tu madre es una cerdo :),1
estoy esperando en la cola del nivel,0
vete a jugar otro juego gordo,1
tú eres cerdo,1
el ping está alto hoy,0
buena partida...,0
eres un mierda,1
recuerden recoger las llaves,0
TÚ ERES UNA RATA,1
tu madre es una c4brón,1
cállate feo,1
el dragón del nivel 4 da miedo,0
el dragón del nivel 4 da miedo,0
la rata del jefe del nivel 3 es difícil de matar...,0
mejor cambiemos de estrategia,0
QUÉ BUENA PARTIDA,0
AGUANTEN UN POCO MÁS EQUIPO,0
"genial, lo hicimos",0
qué marica eres,1
este nivel es un infierno de difícil :),0
qué mal juegas cabrón,1
el equipo pierde por tu culpa cerdo,1
nadie quiere jugar contigo gordo,1
buena partida jaja,0
buena estrategia la del equipo :),0
"seguro que llegas a diamante jugando así, genio",1
qué pelotudo eres,1
la rata del jefe del nivel 3 es difícil de matar,0
el jefe final es muy bueno,0
eres un t4r4d0 que no sabe nada del juego,1
"seguro que llegas a diamante jugando así, genio...",1
estoy a un punto de subir de nivel,0
qué buena partida,0
el ping está alto hoy,0
"muy inteligente, campeón, mira cómo juegas",1
burr0 de mierda,1
"muy inteligente, campeón, mira cómo juegas!!!",1
eres tarado,1
qué partida tan reñida,0
aguante argentina,0
hay un enemigo a la derecha,0
no sirves para nada feo,1
"EXCELENTE, SIGUE REGALANDO LA PARTIDA GENIO",1
la rata del laboratorio es un jefe genial,0
el dragón del nivel 4 da miedo ?,0
¿alguien tiene micrófono?,0
"buena esa, gracias",0
"genial, lo hicimos...",0
"GG, bien jugado",0
qué partida tan reñida,0
vamos a ganar el duelo de jefes,0
estoy a un punto de subir de nivel,0
juegas como una mierda,1
tu madre es una retrasado,1
"excelente, sigue regalando la partida genio",1
"qué bien que jugaste, inútil ?",1
el jefe final es muy bueno,0
el jefe final es muy bueno,0
¿alguien tiene micrófono?,0
tú eres rata,1
QUÉ TONTO ERES,1
vete a la mierda,1
qué buena partida,0
vamos a ganar esta,0
BUENA JUGADA ?,0
borra el juego estúpido :),1
eres una c3rd0,1
gracias por la ayuda,0
eres un burr0,1
gracias por la ayuda,0
gg!!!,0
"no estés triste, la ganas la próxima :)",0
buena estrategia la del equipo,0
todos te odian en esta comunidad,1
gg,0
tú eres perra!!!,1
NECESITO MUNICIÓN,0
ese personaje está roto en esta versión,0
gracias por la ayuda,0
"excelente, sigue regalando la partida genio",1
vete a jugar otro juego marica,1
todos te odian en esta comunidad,1
voy a revivir a los caídos...,0
EL EQUIPO PIERDE POR TU CULPA MONGOLO,1
borra el juego m13rda,1
mejor cambiemos de estrategia,0
nadie quiere jugar contigo mongolo ?,1
vamos a ganar el duelo de jefes :),0
"YA CÁLLATE, ERES INSOPORTABLE TONTO",1
"te voy a reportar, cul3ro",1
"genial, lo hicimos :)",0
re7r454do de mierda,1
aguante argentina,0
recuerden recoger las llaves!!!,0
qué mal juegas perra,1
TU MADRE ES UNA CERDO,1
vete a la mierda,1
el escuadrón del jefe es complicado,0
buena estrategia la del equipo :),0
"muy inteligente, campeón, mira cómo juegas",1
ERES RETRASADA,1
"seguro que llegas a diamante jugando así, genio",1
¿quién quiere jugar ranked?,0
¿dónde consigo las pociones?,0
borra el juego 1mbéc1l!!!,1
"excelente, sigue regalando la partida genio",1
"excelente, sigue regalando la partida genio",1
cállate rata ?,1
ese personaje está roto en esta versión,0
"ya cállate, eres insoportable mierda",1
¿dónde está el boss?,0
recuerden recoger las llaves,0
borra el juego gilipollas,1
tú eres una rata,1
ojalá pierdas todas las partidas tonto,1
rat4 de mierda,1
estoy esperando en la cola del nivel,0
¿alguien tiene micrófono?!!!,0
buena jugada,0
aguanten un poco más equipo,0
"seguro que llegas a diamante jugando así, genio",1
eres 1nútil,1
¿alguien tiene micrófono?,0
vete a la mierda,1
buena partida :),0
"genial, lo hicimos",0
eres pelotudo...,1
tú eres una rata,1
este nivel es un infierno de difícil,0
"TE VOY A REPORTAR, PERRA!!!",1
vamos a ganar esta...,0
ese personaje está roto en esta versión,0
no sirves para nada culero,1
eres un 90rd0,1
ojalá pierdas todas las partidas perra,1
este nivel es un infierno de difícil,0
buena estrategia la del equipo,0
vete a jugar otro juego inútil,1
nos vemos en la próxima partida,0
"GG, bien jugado",0
ojalá pierdas todas las partidas pendeja,1
inútil de mierda,1
buena estrategia la del equipo,0
cubran la zona B,0
vete a la mierda,1
estoy esperando en la cola del nivel,0
todos te odian en esta comunidad...,1
"QUÉ BIEN QUE JUGASTE, INÚTIL",1
estoy a un punto de subir de nivel,0
hay que rotar a la izquierda,0
hay que rotar a la izquierda,0
vamos a ganar esta partida!!!,0
la rata del laboratorio es un jefe genial,0
qué culero eres,1
nos vemos en la próxima partida,0
"excelente, sigue regalando la partida genio",1
cállate rata,1
cállate r37ra54d0,1
TODOS TE ODIAN EN ESTA COMUNIDAD,1
mejor cambiemos de estrategia,0
eres la peor persona de este equipo,1
juegas como una mierda :),1
TODOS TE ODIAN EN ESTA COMUNIDAD,1
gg,0
SÍGUEME POR AQUÍ,0
juegas como una mierda,1
"qué bien que jugaste, inútil...",1
"te voy a reportar, zorra!!!",1
vete a jugar otro juego m13rda,1
tú eres basura,1
necesito munición,0
sígueme por aquí,0
TODOS TE ODIAN EN ESTA COMUNIDAD,1
cubran la zona B,0
"genial, lo hicimos jaja",0
hay un enemigo a la derecha,0
tú eres culero...,1
mierda de mierda,1
qué f30 eres,1
¿alguien tiene micrófono?,0
ojalá te baneen para siempre,1
"seguro que llegas a diamante jugando así, genio",1
vamos a ganar esta partida,0
aguante argentina,0
sabes perder porque eres basura,1
cómo se llama esta zona del mapa,0
cállate culero,1
vamos a ganar el duelo de jefes,0
"ya cállate, eres insoportable boludo",1
vete a jugar otro juego 1d1ota,1
recojan las mejoras del mapa!!!,0
qué cabrona eres,1
eres un 1mbéc1l que no sabe nada del juego jaja,1
"qué bien que jugaste, inútil",1
no sirves para nada tarado,1
NOS VEMOS EN LA PRÓXIMA PARTIDA,0
"QUÉ BIEN QUE JUGASTE, INÚTIL",1
juegas como una mierda,1
borra el juego feo,1
qué buena partida ?,0
qué mal juegas tarado,1
saludos desde latinoamérica,0
nadie quiere jugar contigo retrasada,1
"ya cállate, eres insoportable 4n0rm4l",1
nadie quiere jugar contigo 1d1074 :),1
qué idiota eres,1
juguemos otra ronda!!!,0
"te voy a reportar, tonto",1
me encanta este juego,0
eres boludo,1
no sirves para nada zorra,1
"QUÉ BIEN QUE JUGASTE, INÚTIL",1
eres retrasado!!!,1
QUÉ MAL JUEGAS ESTÚPIDA,1
qué buena partida,0
necesito munición,0
gracias por la ayuda...,0
aguante argentina...,0
hay que rotar a la izquierda...,0
no sirves para nada pendejo :),1
gracias por la ayuda,0
ojalá pierdas todas las partidas m0n90l0 jaja,1
gracias por la ayuda,0
me encanta este juego,0
HAY QUE ROTAR A LA IZQUIERDA,0
todos te odian en esta comunidad :),1
CUBRAN LA ZONA B,0
cubran la zona B ?,0
qué gilipollas eres,1
qué buena partida,0
eres la peor persona de este equipo ?,1
bajen por el pasillo de la izquierda,0
vamos a ganar el duelo de jefes,0
"excelente, sigue regalando la partida genio",1
tú eres inútil,1
OJALÁ PIERDAS TODAS LAS PARTIDAS MARICA :),1
mejor cambiemos de estrategia,0
"ya cállate, eres insoportable tonta",1
pásame el medkit porfa,0
¿dónde consigo las pociones?,0
"seguro que llegas a diamante jugando así, genio",1
eres un gordo que no sabe nada del juego jaja,1
el ping está alto hoy jaja,0
¿dónde está el boss?,0
no sirves para nada tonto :),1
ESA SKIN ES MUY BONITA,0
"muy inteligente, campeón, mira cómo juegas",1
TU MADRE ES UNA BA5URA,1
qué retrasada eres,1
ojalá te baneen para siempre,1
eres zorra,1
nadie quiere jugar contigo perra,1
"excelente, sigue regalando la partida genio",1
tú eres tonta,1
vamos a ganar el duelo de jefes,0
ojalá pierdas todas las partidas cerdo,1
vamos a ganar esta,0
buen trabajo en la última ronda,0
buena jugada jaja,0
"claro, genio, sigue así!!!",1
"buena esa, gracias",0
vete a jugar otro juego feo,1
ese personaje está roto en esta versión,0
vamos a ganar el duelo de jefes jaja,0
HAY QUE ROTAR A LA IZQUIERDA,0
eres un mongolo,1
"ya cállate, eres insoportable culero",1
cállate idiota,1
"TE VOY A REPORTAR, CUL3RO",1
VETE A LA MIERDA,1
OJALÁ TE BANEEN PARA SIEMPRE,1
buena partida,0
tú eres tarado,1
estoy a un punto de subir de nivel,0
hay que rotar a la izquierda,0
eres un cerdo que no sabe nada del juego,1
"muy inteligente, campeón, mira cómo juegas",1
eres un boludo que no sabe nada del juego,1
¿dónde está el boss?,0
juguemos otra ronda...,0
vamos a ganar el duelo de jefes!!!,0
"qué bien que jugaste, inútil",1
estoy esperando en la cola del nivel,0
eres una 4n0rm4l,1
qué partida tan reñida,0
sabes perder porque eres zorr4...,1
todos te odian en esta comunidad,1
necesito munición,0
HAY UN ENEMIGO A LA DERECHA,0
"EXCELENTE, SIGUE REGALANDO LA PARTIDA GENIO",1
me encanta este juego :),0
necesito munición,0
tú eres una rata,1
me encanta este juego,0
borra el juego puto!!!,1
"tranquilos, todavía podemos ganar",0
qué r37r45ad0 eres,1
tu madre es una anormal,1
eres una cerdo,1
"muy inteligente, campeón, mira cómo juegas",1
buena jugada,0
la rata del jefe del nivel 3 es difícil de matar,0
recuerden recoger las llaves,0
el escuadrón del jefe es complicado,0
TÚ ERES UNA RATA,1
me encanta este juego ?,0
no sirves para nada r37r4sad4!!!,1
"seguro que llegas a diamante jugando así, genio",1
pásame el medkit porfa,0
"tranquilos, todavía podemos ganar",0
hay un enemigo a la derecha,0
¿quién quiere jugar ranked?,0
el lag me mata a veces :),0
el lag me mata a veces jaja,0
74R4DO DE MIERDA,1
¿ALGUIEN TIENE MICRÓFONO?,0
VOY A REVIVIR A LOS CAÍDOS,0
el jefe final es muy bueno,0
"buena esa, gracias ?",0
"seguro que llegas a diamante jugando así, genio...",1
"NO ESTÉS TRISTE, LA GANAS LA PRÓXIMA",0
necesito munición,0
recojan las mejoras del mapa,0
nadie quiere jugar contigo 1nút1l,1
eres la peor persona de este equipo,1
pásame el medkit porfa,0
todos te odian en esta comunidad,1
qué marica eres,1
buena estrategia la del equipo :),0
tú eres gordo,1
"ya cállate, eres insoportable retrasada jaja",1
eres cul3ro,1
estoy esperando en la cola del nivel,0
recojan las mejoras del mapa ?,0
bajen por el pasillo de la izquierda,0
"YA CÁLLATE, ERES INSOPORTABLE TONTA",1
"excelente, sigue regalando la partida genio",1
"vamos equipo, juntos ganamos ?",0
"qué bien que jugaste, inútil",1
qué mal juegas anormal,1
hay un enemigo a la derecha,0
JUEGAS COMO UNA MIERDA,1
tú eres una rata,1
"claro, genio, sigue así",1
el escuadrón del jefe es complicado...,0
"ya cállate, eres insoportable gilipollas",1
tú eres una rata,1
el lag me mata a veces,0
el dragón del nivel 4 da miedo!!!,0
"seguro que llegas a diamante jugando así, genio",1
ojalá te baneen para siempre,1
mejor cambiemos de estrategia,0
ojalá te baneen para siempre ?,1
eres un cerdo!!!,1
saludos desde latinoamérica,0
"claro, genio, sigue así",1
"seguro que llegas a diamante jugando así, genio",1
buen trabajo en la última ronda,0
"muy inteligente, campeón, mira cómo juegas",1
saludos desde latinoamérica,0
buena jugada,0
nadie quiere jugar contigo cabrón,1
eres la peor persona de este equipo,1
vamos a ganar esta partida,0
eres un id107a,1
ojalá pierdas todas las partidas mongolo,1
ESA SKIN ES MUY BONITA,0
VETE A LA MIERDA,1
"te voy a reportar, m4r1ca",1
este nivel es un infierno de difícil,0
"CLARO, GENIO, SIGUE ASÍ ?",1
qué partida tan reñida,0
aguante argentina,0
buen trabajo en la última ronda,0
qué mal juegas t4r4do,1
hay que rotar a la izquierda...,0
eres la peor persona de este equipo,1
vete a jugar otro juego mierda,1
sabes perder porque eres imbécil,1
sígueme por aquí,0
todos te odian en esta comunidad,1
borra el juego gilipollas jaja,1
el escuadrón del jefe es complicado,0
"genial, lo hicimos",0
BUENA PARTIDA,0
gracias por la ayuda!!!,0
el dragón del nivel 4 da miedo,0
"genial, lo hicimos",0
QUÉ BUENA PARTIDA,0
qué mal juegas culero,1
"muy inteligente, campeón, mira cómo juegas!!!",1
juegas como una mierda,1
me encanta este juego,0
"vamos equipo, juntos ganamos ?",0
"excelente, sigue regalando la partida genio",1
la rata del jefe del nivel 3 es difícil de matar,0
gg,0
el ping está alto hoy,0
"CLARO, GENIO, SIGUE ASÍ",1
hay que rotar a la izquierda,0
gracias por la ayuda,0
esa skin es muy bonita,0
qué partida tan reñida,0
recojan las mejoras del mapa,0
juegas como una mierda,1
sígueme por aquí ?,0
"vamos equipo, juntos ganamos!!!",0
estoy esperando en la cola del nivel,0
vamos a ganar esta partida jaja,0
vamos a ganar esta,0
VOY A REVIVIR A LOS CAÍDOS,0
la rata del laboratorio es un jefe genial,0
qué mal juegas pendejo,1
eres la peor persona de este equipo,1
voy a revivir a los caídos!!!,0
tú eres una rata,1
este nivel es un infierno de difícil,0
eres idiota,1
"seguro que llegas a diamante jugando así, genio!!!",1
VAMOS A GANAR ESTA,0
ESE PERSONAJE ESTÁ ROTO EN ESTA VERSIÓN ?,0
NECESITO QUE ALGUIEN CUBRA LA RETAGUARDIA!!!,0
"TRANQUILOS, TODAVÍA PODEMOS GANAR",0
voy a revivir a los caídos ?,0
pásame el medkit porfa,0
EL LAG ME MATA A VECES JAJA,0
necesito munición,0
nos vemos en la próxima partida,0
"claro, genio, sigue así!!!",1
hay un enemigo a la derecha,0
CÓMO SE LLAMA ESTA ZONA DEL MAPA,0
estoy esperando en la cola del nivel jaja,0
eres una feo,1
ojalá pierdas todas las partidas 70n74,1
cubran la zona B,0
juegas como una mierda,1
el lag me mata a veces,0
me encanta este juego,0
ojalá pierdas todas las partidas basura :),1
el escuadrón del jefe es complicado,0
el equipo pierde por tu culpa anormal,1
el dragón del nivel 4 da miedo,0
"claro, genio, sigue así",1
¿DÓNDE CONSIGO LAS POCIONES?,0
ojalá te baneen para siempre...,1
"tranquilos, todavía podemos ganar jaja",0
ME ENCANTA ESTE JUEGO!!!,0
aguanten un poco más equipo,0
"claro, genio, sigue así",1
"ya cállate, eres insoportable pu70",1
"muy inteligente, campeón, mira cómo juegas",1
"EXCELENTE, SIGUE REGALANDO LA PARTIDA GENIO",1
vamos a ganar esta partida,0
"muy inteligente, campeón, mira cómo juegas",1
¿alguien tiene micrófono?...,0
no sirves para nada g1l1p0ll4s,1
esa skin es muy bonita,0
eres la peor persona de este equipo,1
"excelente, sigue regalando la partida genio",1
zorra de mierda,1
"qué bien que jugaste, inútil",1
aguanten un poco más equipo :),0
hay un enemigo a la derecha jaja,0
este nivel es un infierno de difícil,0
el dragón del nivel 4 da miedo!!!,0
estoy a un punto de subir de nivel,0
eres la peor persona de este equipo,1
voy a revivir a los caídos,0
EL DRAGÓN DEL NIVEL 4 DA MIEDO,0
estoy esperando en la cola del nivel,0
me encanta este juego jaja,0
eres cerdo,1
juegas como una mierda jaja,1
gracias por la ayuda,0
pásame el medkit porfa!!!,0
aguante argentina,0
buen trabajo en la última ronda...,0
"excelente, sigue regalando la partida genio",1
tú eres una rata,1
"qué bien que jugaste, inútil",1
VOY A REVIVIR A LOS CAÍDOS,0
el equipo pierde por tu culpa cabrona,1
eres una estúpido ?,1
qué partida tan reñida,0
¿dónde consigo las pociones?,0
bajen por el pasillo de la izquierda!!!,0
este nivel es un infierno de difícil,0
PÁSAME EL MEDKIT PORFA JAJA,0
hay un enemigo a la derecha,0
vete a la mierda,1
todos te odian en esta comunidad,1
"te voy a reportar, gilipollas",1
nadie quiere jugar contigo pendeja,1
"VAMOS EQUIPO, JUNTOS GANAMOS",0
todos te odian en esta comunidad,1
voy a revivir a los caídos,0
nos vemos en la próxima partida!!!,0
qué mal juegas idiota,1
pásame el medkit porfa,0
aguanten un poco más equipo,0
"claro, genio, sigue así",1
sabes perder porque eres inútil,1
qué mal juegas tarado,1
tú eres cabrón,1
AGUANTE ARGENTINA,0
"QUÉ BIEN QUE JUGASTE, INÚTIL...",1
gg,0
tu madre es una zorra,1
ojalá te baneen para siempre,1
esa skin es muy bonita,0
el lag me mata a veces,0
buena partida jaja,0
ese personaje está roto en esta versión,0
eres una idiota,1
"tranquilos, todavía podemos ganar",0
vamos a ganar esta partida...,0
nos vemos en la próxima partida,0
juegas como una mierda,1
ojalá pierdas todas las partidas cabrona,1
"no estés triste, la ganas la próxima",0
"seguro que llegas a diamante jugando así, genio",1
qué 4n0rm4l eres,1
cómo se llama esta zona del mapa,0
EL PING ESTÁ ALTO HOY,0
"seguro que llegas a diamante jugando así, genio",1
eres la peor persona de este equipo,1
vamos a ganar el duelo de jefes,0
BUENA ESTRATEGIA LA DEL EQUIPO,0
VETE A LA MIERDA,1
recojan las mejoras del mapa,0
buena partida,0
no sirves para nada perra,1
TÚ ERES UNA RATA,1
"ya cállate, eres insoportable marica",1
cómo se llama esta zona del mapa,0
"no estés triste, la ganas la próxima",0
ese personaje está roto en esta versión,0
ese personaje está roto en esta versión ?,0
buen trabajo en la última ronda,0
aguante argentina,0
eres la peor persona de este equipo,1
nos vemos en la próxima partida :),0
eres una inútil,1
"te voy a reportar, puto",1
qué buena partida,0
PÁSAME EL MEDKIT PORFA ?,0
el equipo pierde por tu culpa imbécil,1
recuerden recoger las llaves,0
ojalá te baneen para siempre,1
"claro, genio, sigue así",1
EL ESCUADRÓN DEL JEFE ES COMPLICADO,0
¿dónde está el boss?,0
¿dónde está el boss?,0
HAY QUE ROTAR A LA IZQUIERDA,0
no sirves para nada imbécil,1
"genial, lo hicimos!!!",0
"qué bien que jugaste, inútil",1
hay un enemigo a la derecha,0
"ya cállate, eres insoportable estúpida",1
tú eres z0rr4,1
eres un tonta que no sabe nada del juego,1
esa skin es muy bonita!!!,0
eres un tonto que no sabe nada del juego,1
EL ESCUADRÓN DEL JEFE ES COMPLICADO :),0
el lag me mata a veces,0
qué gilipollas eres,1
eres cabrón,1
gracias por la ayuda,0
cómo se llama esta zona del mapa,0
ojalá pierdas todas las partidas anormal,1
vamos a ganar el duelo de jefes,0
necesito que alguien cubra la retaguardia,0
ESTOY ESPERANDO EN LA COLA DEL NIVEL,0
"no estés triste, la ganas la próxima :)",0
"no estés triste, la ganas la próxima",0
"muy inteligente, campeón, mira cómo juegas...",1
necesito munición,0
PENDEJO DE MIERDA,1
tú eres una rata,1
la rata del jefe del nivel 3 es difícil de matar jaja,0
recuerden recoger las llaves :),0
estoy esperando en la cola del nivel,0
¿ALGUIEN TIENE MICRÓFONO?,0
necesito munición :),0
juegas como una mierda,1
sabes perder porque eres cabrón,1
"no estés triste, la ganas la próxima",0
ese personaje está roto en esta versión jaja,0
vamos a ganar esta partida jaja,0
eres zorra,1
no sirves para nada feo,1
"qué bien que jugaste, inútil",1
nadie quiere jugar contigo retrasado ?,1
¿dónde consigo las pociones?,0
buena partida,0
qué mal juegas estúpida :),1
estoy a un punto de subir de nivel,0
la rata del jefe del nivel 3 es difícil de matar,0
aguante argentina,0
juegas como una mierda,1
BAJEN POR EL PASILLO DE LA IZQUIERDA,0
el escuadrón del jefe es complicado,0
sabes perder porque eres perra,1
RECUERDEN RECOGER LAS LLAVES,0
tú eres una rata jaja,1
ojalá te baneen para siempre,1
ERES UN RETRASADO,1
ojalá pierdas todas las partidas cabrón,1
GG...,0
"GG, bien jugado",0
"excelente, sigue regalando la partida genio",1
qué buena partida,0
nos vemos en la próxima partida,0
OJALÁ TE BANEEN PARA SIEMPRE ?,1
sígueme por aquí,0
¿dónde consigo las pociones?,0
VOY A REVIVIR A LOS CAÍDOS...,0
el ping está alto hoy,0
este nivel es un infierno de difícil,0
EL PING ESTÁ ALTO HOY,0
borra el juego re7r4s4da,1
voy a revivir a los caídos,0
necesito que alguien cubra la retaguardia,0
NECESITO MUNICIÓN,0
gg!!!,0
vamos a ganar esta,0
NADIE QUIERE JUGAR CONTIGO GORDO JAJA,1
¿dónde consigo las pociones? jaja,0
"YA CÁLLATE, ERES INSOPORTABLE IMBÉCIL JAJA",1
vete a la mierda,1
bajen por el pasillo de la izquierda,0
ME ENCANTA ESTE JUEGO,0
"qué bien que jugaste, inútil :)",1
tú eres cul3r0,1
"qué bien que jugaste, inútil",1
eres un boludo que no sabe nada del juego,1
no sirves para nada t0nt4,1
ME ENCANTA ESTE JUEGO,0
qué buena partida!!!,0
qué mal juegas mon9ol0,1
el dragón del nivel 4 da miedo,0
aguanten un poco más equipo!!!,0
"claro, genio, sigue así",1
buena jugada :),0
necesito munición jaja,0
"excelente, sigue regalando la partida genio",1
me encanta este juego,0
el equipo pierde por tu culpa 70n74,1
"ya cállate, eres insoportable mar1c4",1
esa skin es muy bonita,0
"buena esa, gracias",0
necesito munición ?,0
"ya cállate, eres insoportable pel07udo",1
JUEGAS COMO UNA MIERDA,1
estoy esperando en la cola del nivel,0
NADIE QUIERE JUGAR CONTIGO ESTÚPIDO,1
sígueme por aquí,0
"seguro que llegas a diamante jugando así, genio...",1
cállate p3nd3ja,1
sabes perder porque eres burro!!!,1
"qué bien que jugaste, inútil",1
VAMOS A GANAR EL DUELO DE JEFES,0
esa skin es muy bonita,0
qué mal juegas cerdo,1
esa skin es muy bonita,0
hay un enemigo a la derecha ?,0
qué mal juegas rata,1
sígueme por aquí,0
"qué bien que jugaste, inútil",1
"ya cállate, eres insoportable marica",1
cállate p3rra,1
"muy inteligente, campeón, mira cómo juegas",1
tú eres retrasado,1
qué partida tan reñida,0
borra el juego tonto,1
"CLARO, GENIO, SIGUE ASÍ",1
"ya cállate, eres insoportable cabrona",1
necesito munición,0
"GG, bien jugado",0
"GG, bien jugado",0
qué partida tan reñida jaja,0
hay que rotar a la izquierda,0
tú eres zorra,1
¿alguien tiene micrófono?,0
cubran la zona B!!!,0
no sirves para nada b0lud0,1
qué mal juegas gordo,1
necesito que alguien cubra la retaguardia,0
TÚ ERES UNA RATA,1
tú eres una rata,1
"excelente, sigue regalando la partida genio",1
eres la peor persona de este equipo,1
eres un estúpido que no sabe nada del juego,1
¿quién quiere jugar ranked?,0
vamos a ganar el duelo de jefes,0
"GG, BIEN JUGADO...",0
estoy esperando en la cola del nivel :),0
eres una anormal,1
CÓMO SE LLAMA ESTA ZONA DEL MAPA,0
"qué bien que jugaste, inútil",1
recojan las mejoras del mapa,0
vamos a ganar esta,0
gracias por la ayuda,0
tú eres una rata,1
eres una estúpido,1
recojan las mejoras del mapa,0
vete a jugar otro juego anormal,1
"excelente, sigue regalando la partida genio",1
SALUDOS DESDE LATINOAMÉRICA,0
hay que rotar a la izquierda,0
borra el juego g1lip0ll4s,1
nadie quiere jugar contigo basura,1
"MUY INTELIGENTE, CAMPEÓN, MIRA CÓMO JUEGAS ?",1
"qué bien que jugaste, inútil",1
eres un boludo que no sabe nada del juego,1
"qué bien que jugaste, inútil",1
aguanten un poco más equipo...,0
mejor cambiemos de estrategia,0
qué mal juegas boludo!!!,1
el lag me mata a veces,0
"claro, genio, sigue así",1
¿DÓNDE ESTÁ EL BOSS?,0
cállate perra,1
hay un enemigo a la derecha,0
juegas como una mierda,1
recojan las mejoras del mapa,0
me encanta este juego ?,0
eres la peor persona de este equipo,1
"ya cállate, eres insoportable 357úpid4",1
necesito que alguien cubra la retaguardia,0
¿QUIÉN QUIERE JUGAR RANKED?,0
el lag me mata a veces,0
TÚ ERES INÚTIL,1
el equipo pierde por tu culpa r474,1
eres mongolo,1
ERES UNA IDIOTA,1
buena partida,0
pásame el medkit porfa,0
juegas como una mierda,1
gracias por la ayuda jaja,0
estoy a un punto de subir de nivel,0
"tranquilos, todavía podemos ganar",0
ERES UN GORDO,1
eres la peor persona de este equipo,1
eres un puto,1
buena partida,0
recuerden recoger las llaves,0
ME ENCANTA ESTE JUEGO,0
me encanta este juego ?,0
me encanta este juego,0
necesito que alguien cubra la retaguardia,0
cubran la zona B!!!,0
gg,0
tú eres feo,1
aguanten un poco más equipo,0
"buena esa, gracias",0
juegas como una mierda,1
"excelente, sigue regalando la partida genio",1
¿quién quiere jugar ranked?,0
qué partida tan reñida...,0
qué pendejo eres,1
pásame el medkit porfa,0
NADIE QUIERE JUGAR CONTIGO PENDEJ4...,1
el jefe final es muy bueno jaja,0
cubran la zona B...,0
el jefe final es muy bueno!!!,0
necesito que alguien cubra la retaguardia,0
BUEN TRABAJO EN LA ÚLTIMA RONDA,0
saludos desde latinoamérica :),0
"seguro que llegas a diamante jugando así, genio :)",1
el jefe final es muy bueno,0
el ping está alto hoy,0
el dragón del nivel 4 da miedo!!!,0
ojalá pierdas todas las partidas cabrona,1
estoy a un punto de subir de nivel...,0
"tranquilos, todavía podemos ganar",0
buen trabajo en la última ronda,0
bajen por el pasillo de la izquierda,0
¿dónde consigo las pociones?,0
juguemos otra ronda,0
hay un enemigo a la derecha,0
BUEN TRABAJO EN LA ÚLTIMA RONDA,0
buen trabajo en la última ronda,0
"seguro que llegas a diamante jugando así, genio",1
"qué bien que jugaste, inútil jaja",1
gg,0
¿DÓNDE ESTÁ EL BOSS? ?,0
me encanta este juego ?,0
la rata del laboratorio es un jefe genial,0
tú eres una rata,1
el equipo pierde por tu culpa anormal,1
este nivel es un infierno de difícil,0
bajen por el pasillo de la izquierda,0
juguemos otra ronda jaja,0
"claro, genio, sigue así...",1
rata de mierda,1
hay que rotar a la izquierda,0
eres la peor persona de este equipo...,1
aguante argentina,0
el jefe final es muy bueno,0
¿quién quiere jugar ranked?,0
TÚ ERES UNA RATA,1
borra el juego cabrona,1
rata de mierda,1
marica de mierda,1
"te voy a reportar, basura",1
esa skin es muy bonita,0
"ya cállate, eres insoportable retrasada!!!",1
"qué bien que jugaste, inútil :)",1
¿quién quiere jugar ranked?,0
ese personaje está roto en esta versión,0
¿quién quiere jugar ranked?...,0
NECESITO QUE ALGUIEN CUBRA LA RETAGUARDIA,0
eres un inútil ?,1
nos vemos en la próxima partida,0
estoy esperando en la cola del nivel jaja,0
ERES UNA PERRA,1
VAMOS A GANAR ESTA PARTIDA,0
vete a la mierda,1
estoy esperando en la cola del nivel :),0
¿dónde está el boss?,0
nos vemos en la próxima partida :),0
juegas como una mierda,1
¿ALGUIEN TIENE MICRÓFONO?,0
buena jugada,0
"qué bien que jugaste, inútil",1
el escuadrón del jefe es complicado,0
ERES UN TONTO QUE NO SABE NADA DEL JUEGO,1
el escuadrón del jefe es complicado,0
el jefe final es muy bueno :),0
gracias por la ayuda,0
CUBRAN LA ZONA B,0
nadie quiere jugar contigo pendeja,1
el escuadrón del jefe es complicado,0
eres un tarado,1
BUENA JUGADA,0
saludos desde latinoamérica jaja,0
la rata del laboratorio es un jefe genial,0
el lag me mata a veces,0
la rata del laboratorio es un jefe genial,0
juguemos otra ronda,0
vamos a ganar el duelo de jefes,0
EL ESCUADRÓN DEL JEFE ES COMPLICADO,0
"NO ESTÉS TRISTE, LA GANAS LA PRÓXIMA",0
recuerden recoger las llaves!!!,0
¿dónde está el boss?,0
cubran la zona B ?,0
EL ESCUADRÓN DEL JEFE ES COMPLICADO,0
bajen por el pasillo de la izquierda :),0
pendejo de mierda jaja,1
cállate retrasado,1
recojan las mejoras del mapa,0
recojan las mejoras del mapa,0
el ping está alto hoy!!!,0
qué mal juegas pelotudo,1
AGUANTEN UN POCO MÁS EQUIPO,0
tú eres puto!!!,1
"te voy a reportar, estúpida",1
GRACIAS POR LA AYUDA,0
CÁLLATE PUTO,1
qué gilipollas eres,1
todos te odian en esta comunidad,1
"excelente, sigue regalando la partida genio",1
¿quién quiere jugar ranked?,0
tú eres una rata,1
"seguro que llegas a diamante jugando así, genio",1
vete a la mierda,1
AGUANTE ARGENTINA,0
nadie quiere jugar contigo pelotudo,1
qué partida tan reñida,0
JUEGAS COMO UNA MIERDA!!!,1
la rata del jefe del nivel 3 es difícil de matar,0
juguemos otra ronda,0
¿dónde consigo las pociones?,0
JUGUEMOS OTRA RONDA,0
sabes perder porque eres perra!!!,1
vamos a ganar esta partida,0
juegas como una mierda,1
eres un tonta que no sabe nada del juego,1
sabes perder porque eres culero jaja,1
eres un estúpida que no sabe nada del juego,1
aguante argentina,0
el jefe final es muy bueno,0
necesito que alguien cubra la retaguardia,0
voy a revivir a los caídos,0
sabes perder porque eres burr0,1
zorra de mierda,1
"seguro que llegas a diamante jugando así, genio",1
el dragón del nivel 4 da miedo...,0
este nivel es un infierno de difícil,0
gracias por la ayuda,0
¿dónde consigo las pociones?,0
ese personaje está roto en esta versión,0
"claro, genio, sigue así",1
vamos a ganar el duelo de jefes,0
t0n74 de mierda :),1
hay un enemigo a la derecha jaja,0
mejor cambiemos de estrategia,0
me encanta este juego,0
recojan las mejoras del mapa...,0
hay que rotar a la izquierda,0
nadie quiere jugar contigo cabrón,1
borra el juego basur4,1
"te voy a reportar, burro!!!",1
AGUANTEN UN POCO MÁS EQUIPO,0
recuerden recoger las llaves,0
¿dónde consigo las pociones?...,0
eres una rata,1
"MUY INTELIGENTE, CAMPEÓN, MIRA CÓMO JUEGAS",1
vamos a ganar esta partida,0
BUENA PARTIDA,0
"GENIAL, LO HICIMOS",0
VETE A JUGAR OTRO JUEGO C4BRÓN,1
cállate feo,1
esa skin es muy bonita,0
nadie quiere jugar contigo boludo jaja,1
"muy inteligente, campeón, mira cómo juegas",1
saludos desde latinoamérica,0
"muy inteligente, campeón, mira cómo juegas ?",1
eres un retrasada,1
qué mal juegas basura...,1
EL JEFE FINAL ES MUY BUENO,0
sabes perder porque eres cabrona,1
tú eres una rata,1
vete a la mierda,1
ERES UN ANORMAL,1
el dragón del nivel 4 da miedo :),0
¿dónde está el boss?,0
vamos a ganar esta,0
"te voy a reportar, retrasado",1
m4r1c4 de mierda,1
mi3rda de mierda,1
sígueme por aquí!!!,0
cállate perra,1
nos vemos en la próxima partida,0
NO SIRVES PARA NADA FEO,1
¿alguien tiene micrófono?...,0
gracias por la ayuda,0
ojalá pierdas todas las partidas basura,1
eres una p3lotudo,1
"seguro que llegas a diamante jugando así, genio",1
buena jugada,0
hay que rotar a la izquierda,0
tu madre es una tonto,1
EL JEFE FINAL ES MUY BUENO...,0
buen trabajo en la última ronda :),0
sabes perder porque eres feo jaja,1
el jefe final es muy bueno ?,0
qué t0n70 eres,1
¿dónde consigo las pociones?...,0
este nivel es un infierno de difícil...,0
aguante argentina,0
aguante argentina,0
cómo se llama esta zona del mapa,0
TU MADRE ES UNA TONTO!!!,1
"tranquilos, todavía podemos ganar",0
"tranquilos, todavía podemos ganar",0
qué buena partida,0
sígueme por aquí,0
"claro, genio, sigue así",1
necesito que alguien cubra la retaguardia,0
"tranquilos, todavía podemos ganar",0
"excelente, sigue regalando la partida genio",1
nadie quiere jugar contigo pendejo,1
sabes perder porque eres culero,1
qué estúpida eres,1
"tranquilos, todavía podemos ganar",0
voy a revivir a los caídos jaja,0
"tranquilos, todavía podemos ganar",0
sabes perder porque eres rata,1
la rata del laboratorio es un jefe genial,0
eres tonta,1
"muy inteligente, campeón, mira cómo juegas",1
cállate 357úp1d0,1
esa skin es muy bonita :),0
me encanta este juego,0
sabes perder porque eres tarado,1
"claro, genio, sigue así",1
"GG, bien jugado",0
juegas como una mierda,1
saludos desde latinoamérica,0
"excelente, sigue regalando la partida genio...",1
"vamos equipo, juntos ganamos :)",0
LA RATA DEL JEFE DEL NIVEL 3 ES DIFÍCIL DE MATAR,0
vamos a ganar esta partida,0
tú eres una rata,1
"muy inteligente, campeón, mira cómo juegas",1
qué imbécil eres...,1
BUENA ESTRATEGIA LA DEL EQUIPO,0
ojalá te baneen para siempre,1
esa skin es muy bonita,0
"tranquilos, todavía podemos ganar",0
buena partida,0
vete a jugar otro juego 91l1pollas,1
nadie quiere jugar contigo 70n74,1
"excelente, sigue regalando la partida genio",1
vete a jugar otro juego cul3ro,1
voy a revivir a los caídos,0
el escuadrón del jefe es complicado,0
"qué bien que jugaste, inútil",1
saludos desde latinoamérica,0
ESTOY ESPERANDO EN LA COLA DEL NIVEL,0
voy a revivir a los caídos,0
sabes perder porque eres 4n0rm4l,1
el lag me mata a veces,0
ESTOY A UN PUNTO DE SUBIR DE NIVEL,0
tú eres p3rr4,1
QUÉ RATA ERES,1
qué partida tan reñida...,0
juegas como una mierda,1
TODOS TE ODIAN EN ESTA COMUNIDAD,1
"qué bien que jugaste, inútil",1
el jefe final es muy bueno,0
"excelente, sigue regalando la partida genio!!!",1
ojalá pierdas todas las partidas estúpida,1
este nivel es un infierno de difícil,0
el jefe final es muy bueno,0
buen trabajo en la última ronda,0
esa skin es muy bonita,0
"GG, bien jugado",0
QUÉ CERDO ERES,1
¿quién quiere jugar ranked?,0
TU MADRE ES UNA CULERO,1
vete a jugar otro juego mongolo,1
el jefe final es muy bueno,0
eres una cabrona,1
vamos a ganar esta partida,0
qué partida tan reñida,0
cabrón de mierda,1
"seguro que llegas a diamante jugando así, genio",1
cállate pendejo,1
VAMOS A GANAR ESTA,0
el equipo pierde por tu culpa mierda,1
hay un enemigo a la derecha,0
tu madre es una p3rra,1
todos te odian en esta comunidad,1
recojan las mejoras del mapa,0
gg,0
EL JEFE FINAL ES MUY BUENO,0
NOS VEMOS EN LA PRÓXIMA PARTIDA,0
aguanten un poco más equipo,0
hay un enemigo a la derecha...,0
saludos desde latinoamérica,0
cómo se llama esta zona del mapa,0
me encanta este juego,0
nos vemos en la próxima partida,0
juegas como una mierda,1
me encanta este juego,0
nadie quiere jugar contigo 3s7úp1d0,1
¿quién quiere jugar ranked?,0
esa skin es muy bonita,0
ERES LA PEOR PERSONA DE ESTE EQUIPO,1
hay que rotar a la izquierda,0
cállate anormal,1
ojalá te baneen para siempre...,1
"excelente, sigue regalando la partida genio",1
estoy esperando en la cola del nivel,0
estoy a un punto de subir de nivel...,0
nadie quiere jugar contigo tonta ?,1
"te voy a reportar, mierda",1
buena estrategia la del equipo,0
recuerden recoger las llaves,0
juegas como una mierda,1
bajen por el pasillo de la izquierda,0
NO SIRVES PARA NADA R37RA5AD4 JAJA,1
eres un gilipollas que no sabe nada del juego,1
qué marica eres ?,1
gg...,0
"no estés triste, la ganas la próxima",0
ERES UN ZORRA,1
tú eres feo,1
voy a revivir a los caídos,0
eres una cerdo,1
saludos desde latinoamérica,0
mejor cambiemos de estrategia,0
eres una mierda,1
"qué bien que jugaste, inútil",1
tú eres una rata,1
qué tarado eres,1
el jefe final es muy bueno,0
sabes perder porque eres imbécil ?,1
buena estrategia la del equipo!!!,0
tú eres una rata,1
marica de mierda,1
el equipo pierde por tu culpa tarado,1
estoy a un punto de subir de nivel,0
cubran la zona B,0
tú eres burr0 :),1
ojalá te baneen para siempre,1
necesito munición,0
basura de mierda ?,1
BUEN TRABAJO EN LA ÚLTIMA RONDA...,0
juegas como una mierda,1
necesito munición,0
ojalá pierdas todas las partidas z0rr4,1
todos te odian en esta comunidad jaja,1
voy a revivir a los caídos,0
borra el juego inútil,1
"vamos equipo, juntos ganamos",0
el jefe final es muy bueno,0
eres una burro,1
juguemos otra ronda,0
HAY QUE ROTAR A LA IZQUIERDA,0
esa skin es muy bonita,0
eres un retrasada,1
todos te odian en esta comunidad ?,1
eres un tonto,1
"seguro que llegas a diamante jugando así, genio",1
nadie quiere jugar contigo tonto,1
recuerden recoger las llaves,0
BORRA EL JUEGO ZORRA,1
"vamos equipo, juntos ganamos",0
aguanten un poco más equipo,0
sígueme por aquí,0
¿dónde consigo las pociones?,0
ojalá te baneen para siempre,1
eres un cabrón...,1
juegas como una mierda,1
90rd0 de mierda,1
eres un tarado...,1
cubran la zona B,0
"ya cállate, eres insoportable m1erd4",1
juguemos otra ronda jaja,0
eres un cabrona,1
necesito munición ?,0
"te voy a reportar, e57úp1do jaja",1
GRACIAS POR LA AYUDA,0
OJALÁ PIERDAS TODAS LAS PARTIDAS R47A,1
recuerden recoger las llaves,0
¿dónde consigo las pociones?,0
vete a la mierda,1
EL PING ESTÁ ALTO HOY,0
"GG, bien jugado",0
"claro, genio, sigue así",1
necesito munición,0
aguanten un poco más equipo,0
el ping está alto hoy!!!,0
"ya cállate, eres insoportable anormal jaja",1
"tranquilos, todavía podemos ganar",0
el equipo pierde por tu culpa perra,1
ojalá pierdas todas las partidas marica ?,1
sabes perder porque eres z0rra,1
borra el juego inútil,1
qué partida tan reñida,0
eres la peor persona de este equipo...,1
juegas como una mierda jaja,1
no sirves para nada retrasado,1
cómo se llama esta zona del mapa jaja,0
¿alguien tiene micrófono?,0
todos te odian en esta comunidad,1
AGUANTEN UN POCO MÁS EQUIPO,0
tú eres una rata,1
saludos desde latinoamérica,0
no sirves para nada 70nta ?,1
juguemos otra ronda,0
aguanten un poco más equipo,0
hay un enemigo a la derecha,0
eres un mongolo,1
hay que rotar a la izquierda,0
eres un t0nt0 que no sabe nada del juego,1
"seguro que llegas a diamante jugando así, genio",1
"NO ESTÉS TRISTE, LA GANAS LA PRÓXIMA",0
"tranquilos, todavía podemos ganar",0
qué rata eres,1
cállate imbéc1l,1
tu madre es una tonto,1
la rata del jefe del nivel 3 es difícil de matar,0
bajen por el pasillo de la izquierda,0
cómo se llama esta zona del mapa,0
"TE VOY A REPORTAR, FEO",1
SÍGUEME POR AQUÍ,0
recojan las mejoras del mapa,0
ojalá pierdas todas las partidas 4n0rm4l :),1
no sirves para nada tonto...,1
el dragón del nivel 4 da miedo,0
OJALÁ TE BANEEN PARA SIEMPRE,1
"qué bien que jugaste, inútil",1
borra el juego gilipollas,1
sígueme por aquí,0
estoy a un punto de subir de nivel,0
nadie quiere jugar contigo tonta,1
vete a jugar otro juego m4r1c4,1
EL PING ESTÁ ALTO HOY,0
"seguro que llegas a diamante jugando así, genio",1
el jefe final es muy bueno,0
NECESITO QUE ALGUIEN CUBRA LA RETAGUARDIA,0
vamos a ganar esta,0
buen trabajo en la última ronda,0
mejor cambiemos de estrategia,0
"buena esa, gracias ?",0
EL DRAGÓN DEL NIVEL 4 DA MIEDO,0
estoy esperando en la cola del nivel,0
RECOJAN LAS MEJORAS DEL MAPA,0
tú eres una rata,1
cállate boludo,1
pásame el medkit porfa,0
vamos a ganar esta partida,0
el dragón del nivel 4 da miedo,0
"QUÉ BIEN QUE JUGASTE, INÚTIL",1
vamos a ganar esta partida,0
ERES UNA PENDEJO,1
qué partida tan reñida,0
eres retrasado,1
saludos desde latinoamérica,0
"excelente, sigue regalando la partida genio jaja",1
juguemos otra ronda,0
¿quién quiere jugar ranked?,0
no sirves para nada imbécil,1
nos vemos en la próxima partida,0
¿alguien tiene micrófono?,0
me encanta este juego,0
VETE A LA MIERDA,1
"genial, lo hicimos",0
eres inútil,1
buen trabajo en la última ronda,0
eres la peor persona de este equipo,1
"tranquilos, todavía podemos ganar jaja",0
cabrona de mierda,1
qué mongolo eres :),1
"qué bien que jugaste, inútil :)",1
"seguro que llegas a diamante jugando así, genio",1
"buena esa, gracias",0
hay que rotar a la izquierda,0
me encanta este juego,0
"vamos equipo, juntos ganamos",0
el ping está alto hoy,0
el dragón del nivel 4 da miedo,0
SABES PERDER PORQUE ERES ZORRA,1
el ping está alto hoy,0
"buena esa, gracias",0
todos te odian en esta comunidad,1
AGUANTE ARGENTINA,0
NOS VEMOS EN LA PRÓXIMA PARTIDA,0
"muy inteligente, campeón, mira cómo juegas",1
eres una 70n74,1
"te voy a reportar, inútil",1
eres 91l1p0ll45,1
¿dónde está el boss?,0
el ping está alto hoy!!!,0
tú eres una rata,1
gg,0
"te voy a reportar, idiota",1
juegas como una mierda,1
recojan las mejoras del mapa,0
aguanten un poco más equipo!!!,0
"seguro que llegas a diamante jugando así, genio",1
vete a la mierda...,1
el dragón del nivel 4 da miedo,0
"seguro que llegas a diamante jugando así, genio ?",1
la rata del jefe del nivel 3 es difícil de matar,0
"excelente, sigue regalando la partida genio...",1
ojalá te baneen para siempre,1
ojalá te baneen para siempre,1
"claro, genio, sigue así",1
estoy esperando en la cola del nivel,0
JUEGAS COMO UNA MIERDA,1
necesito munición :),0
¿dónde está el boss?,0
la rata del jefe del nivel 3 es difícil de matar,0
necesito que alguien cubra la retaguardia,0
el lag me mata a veces jaja,0
esa skin es muy bonita...,0
MEJOR CAMBIEMOS DE ESTRATEGIA,0
buena partida,0
no sirves para nada put0 :),1
esa skin es muy bonita ?,0
JUGUEMOS OTRA RONDA JAJA,0
CÁLLATE ZORRA ?,1
la rata del jefe del nivel 3 es difícil de matar,0
estoy a un punto de subir de nivel ?,0
¿quién quiere jugar ranked?,0
juegas como una mierda,1
buen trabajo en la última ronda jaja,0
¿QUIÉN QUIERE JUGAR RANKED?,0
buena partida :),0
vamos a ganar esta,0
buena partida,0
bajen por el pasillo de la izquierda,0
ese personaje está roto en esta versión :),0
"qué bien que jugaste, inútil",1
ERES RATA...,1
eres cabrona,1
mejor cambiemos de estrategia,0
necesito que alguien cubra la retaguardia,0
"vamos equipo, juntos ganamos",0
vamos a ganar esta partida,0
buena estrategia la del equipo,0
juegas como una mierda,1
estoy a un punto de subir de nivel,0
eres cabrona,1
¿dónde está el boss?...,0
¿alguien tiene micrófono?,0
juegas como una mierda,1
"tranquilos, todavía podemos ganar",0
nadie quiere jugar contigo gilipollas,1
TU MADRE ES UNA RATA :),1
juguemos otra ronda,0
"qué bien que jugaste, inútil",1
vete a la mierda!!!,1
aguante argentina ?,0
necesito munición jaja,0
vete a jugar otro juego p3ndej4,1
"claro, genio, sigue así!!!",1
cul3ro de mierda,1
cubran la zona B,0
"GG, bien jugado",0
qué mal juegas tonta,1
eres un retrasada...,1
BAJEN POR EL PASILLO DE LA IZQUIERDA,0
cubran la zona B,0
juegas como una mierda,1
voy a revivir a los caídos,0
nadie quiere jugar contigo perra jaja,1
¿alguien tiene micrófono?,0
sabes perder porque eres idiota,1
"ya cállate, eres insoportable tarado",1
buen trabajo en la última ronda,0
el escuadrón del jefe es complicado,0
tu madre es una c4brón,1
tú eres burr0,1
nadie quiere jugar contigo tarado,1
"tranquilos, todavía podemos ganar!!!",0
saludos desde latinoamérica,0
buena estrategia la del equipo,0
ERES UN PUTO QUE NO SABE NADA DEL JUEGO,1
vete a jugar otro juego pelotudo ?,1
mejor cambiemos de estrategia ?,0
eres una p3rr4,1
la rata del laboratorio es un jefe genial!!!,0
¿QUIÉN QUIERE JUGAR RANKED?,0
necesito que alguien cubra la retaguardia,0
TÚ ERES UNA RATA,1
este nivel es un infierno de difícil,0
nos vemos en la próxima partida :),0
este nivel es un infierno de difícil,0
el equipo pierde por tu culpa mierda,1
la rata del laboratorio es un jefe genial!!!,0
buena partida :),0
"te voy a reportar, p3nd3j0!!!",1
gg,0
buena partida,0
juegas como una mierda,1
todos te odian en esta comunidad,1
la rata del laboratorio es un jefe genial,0
no sirves para nada 1mbécil,1
mejor cambiemos de estrategia,0
qué mal juegas pelotudo,1
vete a la mierda,1
la rata del jefe del nivel 3 es difícil de matar,0
juegas como una mierda jaja,1
QUÉ PARTIDA TAN REÑIDA,0
estoy a un punto de subir de nivel ?,0
buena estrategia la del equipo,0
sabes perder porque eres 3s7úpid0!!!,1
este nivel es un infierno de difícil,0
¿quién quiere jugar ranked?,0
"GG, bien jugado...",0
eres un maric4,1
el jefe final es muy bueno,0
eres un b0lud0,1
necesito que alguien cubra la retaguardia!!!,0
eres la peor persona de este equipo...,1
ojalá te baneen para siempre...,1
cómo se llama esta zona del mapa,0
qué 1nú71l eres,1
VETE A JUGAR OTRO JUEGO RATA,1
me encanta este juego...,0
el escuadrón del jefe es complicado,0
nadie quiere jugar contigo cabrón,1
borra el juego cabrón,1
vete a la mierda jaja,1
me encanta este juego jaja,0
"no estés triste, la ganas la próxima",0
qué mal juegas zorra,1
"SEGURO QUE LLEGAS A DIAMANTE JUGANDO ASÍ, GENIO",1
eres un pu70 que no sabe nada del juego,1
qué mal juegas perra,1
voy a revivir a los caídos,0
JUEGAS COMO UNA MIERDA,1
estoy a un punto de subir de nivel,0
vamos a ganar esta partida,0
EL LAG ME MATA A VECES...,0
necesito que alguien cubra la retaguardia,0
el escuadrón del jefe es complicado :),0
todos te odian en esta comunidad,1
TÚ ERES UNA RATA,1
NO SIRVES PARA NADA ESTÚPIDA,1
el dragón del nivel 4 da miedo,0
borra el juego gilipollas,1
eres una zorra,1
vamos a ganar el duelo de jefes,0
bajen por el pasillo de la izquierda,0
¿dónde consigo las pociones?,0
borra el juego estúpido,1
vamos a ganar esta,0
tú eres e5túp1d0,1
vete a la mierda,1
todos te odian en esta comunidad,1
nadie quiere jugar contigo c4br0n4,1
nadie quiere jugar contigo r37ras4d0!!!,1
todos te odian en esta comunidad,1
BORRA EL JUEGO MIERDA,1
no sirves para nada imbéc1l,1
eres un r3tras4da,1
gracias por la ayuda,0
eres una pu70 jaja,1
cállate culero,1
juegas como una mierda jaja,1
tú eres burro,1
¿dónde está el boss?,0
necesito munición,0
"claro, genio, sigue así",1
BAJEN POR EL PASILLO DE LA IZQUIERDA,0
tú eres una rata,1
marica de mierda,1
necesito munición,0
RECOJAN LAS MEJORAS DEL MAPA,0
ERES UN 74R4D0!!!,1
RECOJAN LAS MEJORAS DEL MAPA,0
el equipo pierde por tu culpa 9ord0 :),1
OJALÁ PIERDAS TODAS LAS PARTIDAS 90RDO...,1
"SEGURO QUE LLEGAS A DIAMANTE JUGANDO ASÍ, GENIO",1
¿dónde consigo las pociones?,0
me encanta este juego,0
necesito que alguien cubra la retaguardia,0
nos vemos en la próxima partida,0
"no estés triste, la ganas la próxima",0
buen trabajo en la última ronda,0
vamos a ganar esta :),0
eres un boludo que no sabe nada del juego,1
buena jugada,0
¿quién quiere jugar ranked? :),0
esa skin es muy bonita,0
sabes perder porque eres inútil jaja,1
¿dónde consigo las pociones?!!!,0
eres una pendeja,1
pásame el medkit porfa,0
buen trabajo en la última ronda,0
juguemos otra ronda,0
eres una ton74,1
estoy a un punto de subir de nivel ?,0
cómo se llama esta zona del mapa,0
tu madre es una p3ndej0,1
"buena esa, gracias jaja",0
"seguro que llegas a diamante jugando así, genio!!!",1
¿alguien tiene micrófono?,0
¿ALGUIEN TIENE MICRÓFONO?,0
qué partida tan reñida,0
necesito munición,0
PÁSAME EL MEDKIT PORFA,0
este nivel es un infierno de difícil,0
"buena esa, gracias",0
saludos desde latinoamérica,0
cállate gordo,1
gracias por la ayuda,0
aguante argentina,0
ESTOY ESPERANDO EN LA COLA DEL NIVEL...,0
gg ?,0
juegas como una mierda,1
"muy inteligente, campeón, mira cómo juegas!!!",1
TÚ ERES UNA RATA,1
¿dónde está el boss?,0
necesito que alguien cubra la retaguardia,0
estoy a un punto de subir de nivel,0
VETE A JUGAR OTRO JUEGO PERRA,1
"claro, genio, sigue así",1
hay que rotar a la izquierda,0
¿QUIÉN QUIERE JUGAR RANKED?,0
aguante argentina...,0
eres la peor persona de este equipo jaja,1
qué tarado eres,1
sígueme por aquí,0
tú eres pendejo,1
vamos a ganar el duelo de jefes,0
EL EQUIPO PIERDE POR TU CULPA ANORMAL,1
cubran la zona B,0
juguemos otra ronda,0
¿DÓNDE ESTÁ EL BOSS?...,0
juegas como una mierda ?,1
ESTOY A UN PUNTO DE SUBIR DE NIVEL ?,0
hay que rotar a la izquierda...,0
CUBRAN LA ZONA B,0
"claro, genio, sigue así",1
el dragón del nivel 4 da miedo,0
qué mal juegas estúpida,1
"QUÉ BIEN QUE JUGASTE, INÚTIL",1
tarado de mierda,1
aguante argentina,0
"GG, BIEN JUGADO",0
"GG, BIEN JUGADO",0
gracias por la ayuda :),0
gilipollas de mierda,1
tú eres gilipollas,1
cubran la zona B,0
cubran la zona B,0
este nivel es un infierno de difícil,0
sígueme por aquí jaja,0
MEJOR CAMBIEMOS DE ESTRATEGIA,0
¿quién quiere jugar ranked? :),0
¿dónde está el boss?!!!,0
vamos a ganar esta partida,0
"ya cállate, eres insoportable anormal",1
ese personaje está roto en esta versión,0
"TE VOY A REPORTAR, INÚTIL",1
cubran la zona B :),0
"muy inteligente, campeón, mira cómo juegas",1
sígueme por aquí,0
"no estés triste, la ganas la próxima",0
"TE VOY A REPORTAR, TON74",1
recojan las mejoras del mapa,0
"seguro que llegas a diamante jugando así, genio",1
tu madre es una tonto,1
"qué bien que jugaste, inútil ?",1
CABRÓN DE MIERDA,1
aguante argentina,0
GG,0
MEJOR CAMBIEMOS DE ESTRATEGIA,0
"claro, genio, sigue así!!!",1
EL DRAGÓN DEL NIVEL 4 DA MIEDO,0
¿dónde está el boss?,0
"buena esa, gracias",0
"MUY INTELIGENTE, CAMPEÓN, MIRA CÓMO JUEGAS",1
"GG, BIEN JUGADO",0
la rata del jefe del nivel 3 es difícil de matar,0
eres la peor persona de este equipo,1
VAMOS A GANAR ESTA PARTIDA,0
¿dónde está el boss?,0
¿alguien tiene micrófono?,0
"genial, lo hicimos...",0
VETE A LA MIERDA...,1
tú eres cerdo,1
"EXCELENTE, SIGUE REGALANDO LA PARTIDA GENIO :)",1
eres una rata jaja,1
QUÉ BUENA PARTIDA,0
la rata del jefe del nivel 3 es difícil de matar,0
tú eres una rata!!!,1
ojalá pierdas todas las partidas inútil,1
eres retrasado :),1
vamos a ganar esta,0
¿alguien tiene micrófono?,0
"ya cállate, eres insoportable retrasado!!!",1
esa skin es muy bonita,0
qué zorra eres,1
eres un estúpida,1
la rata del jefe del nivel 3 es difícil de matar...,0
eres la peor persona de este equipo,1
qué mal juegas cerdo jaja,1
cállate puto,1
tu madre es una zorra,1
eres una estúpida,1
OJALÁ TE BANEEN PARA SIEMPRE,1
todos te odian en esta comunidad!!!,1
"seguro que llegas a diamante jugando así, genio",1
el lag me mata a veces,0
nos vemos en la próxima partida,0
hay un enemigo a la derecha,0
el lag me mata a veces,0
"qué bien que jugaste, inútil",1
"te voy a reportar, retrasado",1
cómo se llama esta zona del mapa,0
tú eres anormal,1
cállate idiota!!!,1
VETE A LA MIERDA,1
¿dónde está el boss?,0
no sirves para nada cerdo!!!,1
todos te odian en esta comunidad,1
este nivel es un infierno de difícil,0
"TE VOY A REPORTAR, PEL0TUD0",1
borra el juego culero,1
gg,0
qué mal juegas tonto,1
qué buena partida,0
la rata del jefe del nivel 3 es difícil de matar...,0
qué mal juegas 91l1p0ll45,1
"qué bien que jugaste, inútil",1
eres la peor persona de este equipo,1
¿dónde consigo las pociones?,0
cabrona de mierda jaja,1
cállate tarado,1
tu madre es una ra7a :),1
estoy esperando en la cola del nivel,0
eres un burr0 que no sabe nada del juego,1
¿dónde está el boss?,0
la rata del laboratorio es un jefe genial,0
el equipo pierde por tu culpa perra,1
vete a la mierda ?,1
vete a jugar otro juego cabrón ?,1
QUÉ BUENA PARTIDA,0
qué mal juegas inútil,1
tú eres puto,1
ojalá te baneen para siempre,1
cubran la zona B,0
"ya cállate, eres insoportable boludo",1
buena partida,0
eres la peor persona de este equipo,1
rata de mierda,1
"claro, genio, sigue así",1
QUÉ PUTO ERES,1
tú eres culero,1
pásame el medkit porfa,0
vamos a ganar el duelo de jefes,0
VETE A JUGAR OTRO JUEGO MARICA,1
¿alguien tiene micrófono?,0
nadie quiere jugar contigo cabrón,1
ERES UNA TONTO!!!,1
VAMOS A GANAR EL DUELO DE JEFES,0
sabes perder porque eres cabrona,1
EL PING ESTÁ ALTO HOY,0
"ya cállate, eres insoportable b0lud0",1
juegas como una mierda,1
"genial, lo hicimos",0
ojalá te baneen para siempre,1
ERES IMBÉCIL,1
nadie quiere jugar contigo puto...,1
nadie quiere jugar contigo feo!!!,1
tú eres 357úp1d0,1
gg!!!,0
cállate burro,1
OJALÁ TE BANEEN PARA SIEMPRE ?,1
sígueme por aquí,0
la rata del jefe del nivel 3 es difícil de matar,0
"no estés triste, la ganas la próxima",0
"no estés triste, la ganas la próxima...",0
estoy esperando en la cola del nivel,0
"ya cállate, eres insoportable mongolo",1
vamos a ganar esta partida jaja,0
qué mal juegas gordo,1
eres un cabrona,1
"SEGURO QUE LLEGAS A DIAMANTE JUGANDO ASÍ, GENIO",1
sabes perder porque eres estúpida,1
vamos a ganar esta partida,0
el jefe final es muy bueno,0
VETE A JUGAR OTRO JUEGO BURR0,1
EL JEFE FINAL ES MUY BUENO,0
buena estrategia la del equipo,0
la rata del laboratorio es un jefe genial,0
ojalá te baneen para siempre,1
aguante argentina,0
QUÉ BUENA PARTIDA ?,0
el ping está alto hoy,0
"no estés triste, la ganas la próxima...",0
vete a jugar otro juego gordo,1
OJALÁ TE BANEEN PARA SIEMPRE,1
tú eres puto,1
vete a la mierda,1
mejor cambiemos de estrategia,0
tu madre es una feo :),1
"EXCELENTE, SIGUE REGALANDO LA PARTIDA GENIO!!!",1
gracias por la ayuda,0
"tranquilos, todavía podemos ganar jaja",0
EL ESCUADRÓN DEL JEFE ES COMPLICADO,0
OJALÁ PIERDAS TODAS LAS PARTIDAS ZORR4,1
ese personaje está roto en esta versión,0
vete a jugar otro juego c4brón,1
aguante argentina,0
"YA CÁLLATE, ERES INSOPORTABLE TONTO...",1
LA RATA DEL LABORATORIO ES UN JEFE GENIAL,0
eres una mongolo,1
buena jugada,0
eres una culero,1
buena partida,0
el dragón del nivel 4 da miedo :),0
estoy a un punto de subir de nivel,0
EL JEFE FINAL ES MUY BUENO,0
"tranquilos, todavía podemos ganar",0
tú eres cabrona,1
"GG, bien jugado",0
"qué bien que jugaste, inútil",1
mejor cambiemos de estrategia,0
vete a la mierda,1
eres un estúpida,1
qué burro eres,1
"excelente, sigue regalando la partida genio",1
el ping está alto hoy :),0
"MUY INTELIGENTE, CAMPEÓN, MIRA CÓMO JUEGAS",1
"YA CÁLLATE, ERES INSOPORTABLE 1DIO7A",1
vamos a ganar esta partida,0
necesito que alguien cubra la retaguardia,0
"excelente, sigue regalando la partida genio",1
"EXCELENTE, SIGUE REGALANDO LA PARTIDA GENIO",1
el escuadrón del jefe es complicado,0
buen trabajo en la última ronda,0
ojalá te baneen para siempre,1
buena partida,0
ojalá pierdas todas las partidas perra,1
EL JEFE FINAL ES MUY BUENO JAJA,0
el ping está alto hoy,0
qué mal juegas retrasado,1
eres un mongolo!!!,1
estoy esperando en la cola del nivel,0
estoy a un punto de subir de nivel,0
"muy inteligente, campeón, mira cómo juegas",1
"excelente, sigue regalando la partida genio",1
el equipo pierde por tu culpa anormal,1
"muy inteligente, campeón, mira cómo juegas",1
el equipo pierde por tu culpa perra...,1
¿quién quiere jugar ranked?,0
¿ALGUIEN TIENE MICRÓFONO?,0
qué partida tan reñida,0
hay un enemigo a la derecha,0
vete a jugar otro juego pelotudo,1
"GG, BIEN JUGADO",0
sígueme por aquí,0
qué partida tan reñida,0
"tranquilos, todavía podemos ganar ?",0
aguante argentina :),0
bajen por el pasillo de la izquierda,0
tú eres una rata,1
estoy esperando en la cola del nivel,0
tu madre es una puto,1
ese personaje está roto en esta versión,0
ojalá te baneen para siempre ?,1
vamos a ganar esta partida,0
no sirves para nada marica!!!,1
cállate 70n7o jaja,1
el equipo pierde por tu culpa retrasada,1
ESTOY A UN PUNTO DE SUBIR DE NIVEL,0
cubran la zona B,0
cabrón de mierda,1
sabes perder porque eres estúpida,1
¿dónde consigo las pociones?,0
retrasado de mierda,1
TÚ ERES UNA RATA,1
no sirves para nada idiota,1
nadie quiere jugar contigo m0n90l0,1
EL JEFE FINAL ES MUY BUENO!!!,0
"ya cállate, eres insoportable retrasada",1
me encanta este juego,0
borra el juego cerdo,1
eres un gilipollas que no sabe nada del juego,1
buena jugada,0
"excelente, sigue regalando la partida genio!!!",1
hay que rotar a la izquierda,0
"EXCELENTE, SIGUE REGALANDO LA PARTIDA GENIO",1
nos vemos en la próxima partida :),0
el dragón del nivel 4 da miedo ?,0
todos te odian en esta comunidad jaja,1
vamos a ganar esta partida!!!,0
"ya cállate, eres insoportable cerdo",1
el dragón del nivel 4 da miedo,0
¿quién quiere jugar ranked?,0
qué imbécil eres,1
este nivel es un infierno de difícil,0
eres una 1nú71l,1
"GG, bien jugado...",0
HAY QUE ROTAR A LA IZQUIERDA,0
cállate puto,1
me encanta este juego,0
aguanten un poco más equipo,0
gracias por la ayuda,0
vamos a ganar el duelo de jefes ?,0
¿dónde está el boss?,0
"no estés triste, la ganas la próxima",0
RECUERDEN RECOGER LAS LLAVES,0
vamos a ganar esta partida,0
vete a jugar otro juego mongolo,1
"MUY INTELIGENTE, CAMPEÓN, MIRA CÓMO JUEGAS",1
"tranquilos, todavía podemos ganar...",0
¿DÓNDE ESTÁ EL BOSS?,0
"no estés triste, la ganas la próxima",0
"CLARO, GENIO, SIGUE ASÍ ?",1
borra el juego pendejo,1
eres una zorra,1
estoy a un punto de subir de nivel,0
"seguro que llegas a diamante jugando así, genio",1
"seguro que llegas a diamante jugando así, genio",1
recojan las mejoras del mapa,0
juguemos otra ronda,0
ese personaje está roto en esta versión!!!,0
recuerden recoger las llaves ?,0
¿DÓNDE ESTÁ EL BOSS?,0
tu madre es una inútil,1
tú eres pendejo,1
aguanten un poco más equipo,0
"qué bien que jugaste, inútil",1
eres una cabrón,1
saludos desde latinoamérica,0
no sirves para nada imbécil jaja,1
vamos a ganar esta partida!!!,0
BORRA EL JUEGO G0RDO,1
estoy a un punto de subir de nivel ?,0
"ya cállate, eres insoportable gilipollas...",1
buen trabajo en la última ronda,0
todos te odian en esta comunidad,1
hay un enemigo a la derecha :),0
juguemos otra ronda,0
pásame el medkit porfa,0
¿dónde está el boss?,0
"vamos equipo, juntos ganamos",0
juguemos otra ronda,0
pásame el medkit porfa,0
la rata del laboratorio es un jefe genial,0
vamos a ganar el duelo de jefes,0
buena partida ?,0
voy a revivir a los caídos,0
el equipo pierde por tu culpa tonta,1
"seguro que llegas a diamante jugando así, genio",1
tú eres una rata,1
buena partida!!!,0
vamos a ganar el duelo de jefes,0
QUÉ PARTIDA TAN REÑIDA,0
vamos a ganar esta,0
qué c4br0n4 eres,1
"qué bien que jugaste, inútil ?",1
qué partida tan reñida!!!,0
el lag me mata a veces,0
LA RATA DEL LABORATORIO ES UN JEFE GENIAL,0
tú eres una rata,1
"buena esa, gracias",0
qué partida tan reñida!!!,0
esa skin es muy bonita :),0
¿dónde consigo las pociones?,0
qué partida tan reñida,0
vamos a ganar el duelo de jefes,0
sígueme por aquí,0
TÚ ERES P3L0TUD0,1
hay que rotar a la izquierda ?,0
¿DÓNDE CONSIGO LAS POCIONES?,0
eres la peor persona de este equipo,1
vete a la mierda,1
voy a revivir a los caídos,0
qué m13rda eres,1
buena estrategia la del equipo,0
el ping está alto hoy ?,0
buena estrategia la del equipo,0
el ping está alto hoy,0
el lag me mata a veces,0
qué buena partida,0
el ping está alto hoy,0
vamos a ganar esta partida,0
eres un 1mbéc1l!!!,1
¿alguien tiene micrófono?,0
"buena esa, gracias",0
"GENIAL, LO HICIMOS",0
vamos a ganar esta,0
JUGUEMOS OTRA RONDA,0
ERES GILIPOLLAS,1
"claro, genio, sigue así",1
RECUERDEN RECOGER LAS LLAVES,0
estúpida de mierda,1
ESE PERSONAJE ESTÁ ROTO EN ESTA VERSIÓN,0
pásame el medkit porfa,0
eres tonto,1
aguanten un poco más equipo,0
"VAMOS EQUIPO, JUNTOS GANAMOS!!!",0
eres gilipollas!!!,1
eres la peor persona de este equipo :),1
tú eres culer0,1
no sirves para nada pendejo,1
eres una cabrón,1
eres un c4brón,1
hay que rotar a la izquierda,0
necesito que alguien cubra la retaguardia,0
ese personaje está roto en esta versión!!!,0
vete a jugar otro juego cabrón,1
todos te odian en esta comunidad,1
qué tarado eres,1
juegas como una mierda,1
aguanten un poco más equipo,0
hay un enemigo a la derecha,0
eres un retr454d4 que no sabe nada del juego,1
pásame el medkit porfa,0
eres un estúpido,1
necesito munición ?,0
vamos a ganar el duelo de jefes,0
el equipo pierde por tu culpa z0rr4,1
la rata del laboratorio es un jefe genial!!!,0
"muy inteligente, campeón, mira cómo juegas",1
buen trabajo en la última ronda :),0
recojan las mejoras del mapa,0
me encanta este juego,0
nos vemos en la próxima partida,0
la rata del laboratorio es un jefe genial,0
"VAMOS EQUIPO, JUNTOS GANAMOS",0
MEJOR CAMBIEMOS DE ESTRATEGIA JAJA,0
retrasado de mierda,1
¿alguien tiene micrófono?,0
CÓMO SE LLAMA ESTA ZONA DEL MAPA,0
"claro, genio, sigue así",1
SALUDOS DESDE LATINOAMÉRICA :),0
"te voy a reportar, 7on70",1
qué buena partida,0
qué mal juegas 4n0rmal,1
vete a jugar otro juego estúpida,1
"claro, genio, sigue así",1
CUBRAN LA ZONA B!!!,0
gracias por la ayuda,0
hay que rotar a la izquierda,0
¿alguien tiene micrófono?,0
la rata del jefe del nivel 3 es difícil de matar,0
buena estrategia la del equipo,0
"qué bien que jugaste, inútil",1
vete a la mierda,1
"te voy a reportar, pelotudo",1
juguemos otra ronda,0
eres la peor persona de este equipo...,1
hay un enemigo a la derecha,0
ERES LA PEOR PERSONA DE ESTE EQUIPO,1
el ping está alto hoy,0
la rata del jefe del nivel 3 es difícil de matar,0
recojan las mejoras del mapa,0
me encanta este juego,0
voy a revivir a los caídos,0
esa skin es muy bonita,0
el jefe final es muy bueno,0
"genial, lo hicimos",0
¿QUIÉN QUIERE JUGAR RANKED?,0
gracias por la ayuda,0
HAY QUE ROTAR A LA IZQUIERDA!!!,0
"claro, genio, sigue así jaja",1
ojalá pierdas todas las partidas retrasada,1
eres la peor persona de este equipo,1
"muy inteligente, campeón, mira cómo juegas",1
BAJEN POR EL PASILLO DE LA IZQUIERDA,0
pásame el medkit porfa,0
"te voy a reportar, tonto",1
no sirves para nada pendejo,1
no sirves para nada anormal,1
EL DRAGÓN DEL NIVEL 4 DA MIEDO...,0
este nivel es un infierno de difícil,0
eres una 1d1ot4,1
necesito que alguien cubra la retaguardia :),0
estoy esperando en la cola del nivel!!!,0
buen trabajo en la última ronda,0
necesito que alguien cubra la retaguardia,0
cubran la zona B,0
eres la peor persona de este equipo,1
"vamos equipo, juntos ganamos",0
"genial, lo hicimos",0
eres un rata que no sabe nada del juego!!!,1
eres un cul3ro que no sabe nada del juego ?,1
"claro, genio, sigue así :)",1
eres estúpida,1
eres un marica que no sabe nada del juego,1
"claro, genio, sigue así",1
"tranquilos, todavía podemos ganar",0
ERES UN RATA,1
eres la peor persona de este equipo,1
"qué bien que jugaste, inútil",1
AGUANTE ARGENTINA,0
el equipo pierde por tu culpa feo,1
el ping está alto hoy,0
necesito munición,0
mejor cambiemos de estrategia,0
qué mal juegas imbécil,1
tu madre es una cabrón,1
sabes perder porque eres pendeja :),1
el equipo pierde por tu culpa feo,1
QUÉ PARTIDA TAN REÑIDA ?,0
¿dónde está el boss?,0
"seguro que llegas a diamante jugando así, genio",1
"SEGURO QUE LLEGAS A DIAMANTE JUGANDO ASÍ, GENIO",1
buen trabajo en la última ronda...,0
el equipo pierde por tu culpa b0ludo,1
TODOS TE ODIAN EN ESTA COMUNIDAD,1
NECESITO MUNICIÓN,0
estoy a un punto de subir de nivel,0
buena partida,0
recojan las mejoras del mapa,0
"QUÉ BIEN QUE JUGASTE, INÚTIL",1
eres un estúpida que no sabe nada del juego,1
vamos a ganar el duelo de jefes :),0
mejor cambiemos de estrategia :),0
qué partida tan reñida,0
¿alguien tiene micrófono?,0
"seguro que llegas a diamante jugando así, genio",1
esa skin es muy bonita,0
vamos a ganar el duelo de jefes,0
¿dónde está el boss? jaja,0
"te voy a reportar, retrasado",1
necesito que alguien cubra la retaguardia,0
el escuadrón del jefe es complicado ?,0
nos vemos en la próxima partida,0
eres un mongolo,1
qué partida tan reñida,0
qué mal juegas p3lo7ud0,1
juegas como una mierda,1
este nivel es un infierno de difícil,0
hay que rotar a la izquierda,0
juegas como una mierda,1
este nivel es un infierno de difícil,0
cómo se llama esta zona del mapa,0
qué mal juegas mongolo,1
"ya cállate, eres insoportable pendeja",1
buena estrategia la del equipo,0
VETE A JUGAR OTRO JUEGO MARICA,1
recojan las mejoras del mapa ?,0
"CLARO, GENIO, SIGUE ASÍ ?",1
EL ESCUADRÓN DEL JEFE ES COMPLICADO,0
aguanten un poco más equipo,0
"claro, genio, sigue así ?",1
cubran la zona B,0
el lag me mata a veces,0
tu madre es una p3l07ud0 :),1
el jefe final es muy bueno,0
"te voy a reportar, c4brón",1
tú eres una rata,1
NECESITO MUNICIÓN,0
tu madre es una 1nú7il,1
¿dónde está el boss?,0
estoy esperando en la cola del nivel,0
aguante argentina,0
saludos desde latinoamérica,0
gg,0
"tranquilos, todavía podemos ganar jaja",0
tú eres una rata,1
qué partida tan reñida,0
hay que rotar a la izquierda...,0
"claro, genio, sigue así",1
saludos desde latinoamérica,0
vete a la mierda...,1
¿alguien tiene micrófono? jaja,0
¿dónde está el boss?,0
"seguro que llegas a diamante jugando así, genio ?",1
nadie quiere jugar contigo 3stúp1d0,1
necesito munición,0
GG!!!,0
la rata del jefe del nivel 3 es difícil de matar,0
"qué bien que jugaste, inútil",1
qué mal juegas estúpida,1
¿dónde está el boss?,0
vamos a ganar esta,0
ojalá te baneen para siempre,1
voy a revivir a los caídos,0
ESTOY A UN PUNTO DE SUBIR DE NIVEL,0
necesito que alguien cubra la retaguardia,0
la rata del jefe del nivel 3 es difícil de matar,0
gg,0
"excelente, sigue regalando la partida genio!!!",1
cállate 4norm4l,1
nos vemos en la próxima partida!!!,0
vete a jugar otro juego inútil,1
la rata del jefe del nivel 3 es difícil de matar,0
vamos a ganar esta partida,0
qué mal juegas cabrona,1
gg,0
cómo se llama esta zona del mapa,0
"ya cállate, eres insoportable marica jaja",1
"GG, bien jugado",0
vete a la mierda,1
"muy inteligente, campeón, mira cómo juegas",1
la rata del laboratorio es un jefe genial ?,0
"GENIAL, LO HICIMOS",0
la rata del laboratorio es un jefe genial!!!,0
vete a la mierda,1
nadie quiere jugar contigo m0n90l0,1
borra el juego cerdo,1
eres ton70,1
"GG, BIEN JUGADO :)",0
VAMOS A GANAR ESTA PARTIDA,0
qué buena partida,0
vete a la mierda,1
el escuadrón del jefe es complicado,0
eres una cerdo,1
el ping está alto hoy,0
eres un perra que no sabe nada del juego jaja,1
pásame el medkit porfa,0
eres m13rd4,1
aguanten un poco más equipo,0
¿alguien tiene micrófono?,0
"excelente, sigue regalando la partida genio",1
el equipo pierde por tu culpa e57úpid0,1
tú eres una rata,1
"te voy a reportar, imbécil",1
"muy inteligente, campeón, mira cómo juegas",1
buena partida,0
¿dónde consigo las pociones?,0
SÍGUEME POR AQUÍ,0
el jefe final es muy bueno!!!,0
nadie quiere jugar contigo gilipollas,1
recojan las mejoras del mapa jaja,0
"buena esa, gracias",0
¿quién quiere jugar ranked? :),0
EL ESCUADRÓN DEL JEFE ES COMPLICADO ?,0
necesito munición,0
"no estés triste, la ganas la próxima jaja",0
NECESITO QUE ALGUIEN CUBRA LA RETAGUARDIA,0
voy a revivir a los caídos,0
VOY A REVIVIR A LOS CAÍDOS,0
eres un rata que no sabe nada del juego,1
sabes perder porque eres estúpido,1
el lag me mata a veces,0
tu madre es una mongolo,1
esa skin es muy bonita :),0
VAMOS A GANAR ESTA PARTIDA,0
ojalá pierdas todas las partidas inútil,1
buena estrategia la del equipo,0
nadie quiere jugar contigo ba5ura,1
eres un puto que no sabe nada del juego,1
"muy inteligente, campeón, mira cómo juegas",1
esa skin es muy bonita,0
JUEGAS COMO UNA MIERDA,1
recojan las mejoras del mapa!!!,0
tú eres p3nd3j4,1
aguanten un poco más equipo,0
vamos a ganar el duelo de jefes,0
VETE A LA MIERDA :),1
recojan las mejoras del mapa ?,0
voy a revivir a los caídos,0
hay un enemigo a la derecha,0
aguante argentina,0
CÁLLATE GILIPOLLAS,1
no sirves para nada basura,1
"muy inteligente, campeón, mira cómo juegas",1
el dragón del nivel 4 da miedo,0
"buena esa, gracias",0
recojan las mejoras del mapa,0
la rata del jefe del nivel 3 es difícil de matar,0
necesito que alguien cubra la retaguardia,0
GG,0
qué burro eres!!!,1
tú eres una rata,1
eres un culero,1
¿dónde consigo las pociones?...,0
qué pend3j0 eres,1
¿dónde está el boss?,0
todos te odian en esta comunidad,1
recuerden recoger las llaves,0
tú eres culero,1
cómo se llama esta zona del mapa jaja,0
voy a revivir a los caídos,0
"GG, bien jugado",0
eres la peor persona de este equipo,1
eres la peor persona de este equipo,1
ojalá te baneen para siempre,1
NADIE QUIERE JUGAR CONTIGO IDIOTA,1
TÚ ERES TONTO,1
cállate c4brón,1
"seguro que llegas a diamante jugando así, genio",1
RECUERDEN RECOGER LAS LLAVES,0
¿dónde está el boss? ?,0
BUEN TRABAJO EN LA ÚLTIMA RONDA,0
"excelente, sigue regalando la partida genio",1
el lag me mata a veces,0
voy a revivir a los caídos!!!,0
"qué bien que jugaste, inútil",1
cómo se llama esta zona del mapa,0
"claro, genio, sigue así",1
buena estrategia la del equipo ?,0
saludos desde latinoamérica,0
vamos a ganar esta partida,0
recojan las mejoras del mapa,0
"te voy a reportar, mi3rd4",1
¿dónde consigo las pociones?,0
"muy inteligente, campeón, mira cómo juegas...",1
sígueme por aquí,0
"buena esa, gracias...",0
me encanta este juego...,0
estoy esperando en la cola del nivel,0
cállate gilipollas,1
TÚ ERES UNA RATA,1
vamos a ganar esta partida,0
aguanten un poco más equipo,0
qué mal juegas 3s7úpid4 ?,1
bajen por el pasillo de la izquierda...,0
qué partida tan reñida,0
el dragón del nivel 4 da miedo,0
juegas como una mierda,1
"claro, genio, sigue así",1
eres la peor persona de este equipo,1
esa skin es muy bonita,0
cubran la zona B,0
"vamos equipo, juntos ganamos",0
"seguro que llegas a diamante jugando así, genio",1
"claro, genio, sigue así",1
saludos desde latinoamérica,0
"te voy a reportar, gordo",1
vamos a ganar esta!!!,0
eres re7r4sado,1
aguanten un poco más equipo,0
¿dónde consigo las pociones?,0
ojalá pierdas todas las partidas puto,1
esa skin es muy bonita,0
ojalá te baneen para siempre,1
eres una ra7a...,1
ERES UN 90RD0 QUE NO SABE NADA DEL JUEGO JAJA,1
hay un enemigo a la derecha!!!,0
mejor cambiemos de estrategia,0
"te voy a reportar, tonta",1
BUEN TRABAJO EN LA ÚLTIMA RONDA,0
qué mal juegas z0rr4...,1
"muy inteligente, campeón, mira cómo juegas ?",1
eres una culero ?,1
VOY A REVIVIR A LOS CAÍDOS,0
"te voy a reportar, r474",1
todos te odian en esta comunidad,1
qué mal juegas pendejo,1
juguemos otra ronda,0
eres pelotudo,1
el dragón del nivel 4 da miedo,0
vete a jugar otro juego pu7o,1
eres un burr0,1
"te voy a reportar, 357úpid0",1
cállate cabrón,1
SALUDOS DESDE LATINOAMÉRICA JAJA,0
ojalá pierdas todas las partidas c4brón,1
OJALÁ PIERDAS TODAS LAS PARTIDAS RETRASADA...,1
gg,0
ERES UN TARADO,1
qué buena partida,0
PÁSAME EL MEDKIT PORFA,0
ojalá pierdas todas las partidas 70n7a,1
saludos desde latinoamérica,0
vete a jugar otro juego feo,1
VOY A REVIVIR A LOS CAÍDOS,0
qué buena partida,0
"buena esa, gracias",0
tú eres una rata!!!,1
recuerden recoger las llaves,0
estoy a un punto de subir de nivel,0
gracias por la ayuda,0
todos te odian en esta comunidad,1
"buena esa, gracias",0
vamos a ganar esta partida...,0
el ping está alto hoy jaja,0
sabes perder porque eres inútil,1
GRACIAS POR LA AYUDA,0
gg :),0
¿alguien tiene micrófono?,0
"no estés triste, la ganas la próxima",0
buena jugada,0
nadie quiere jugar contigo pendeja,1
recuerden recoger las llaves,0
no sirves para nada cabrón,1
"tranquilos, todavía podemos ganar",0
sabes perder porque eres 74r4d0,1
"qué bien que jugaste, inútil",1
nos vemos en la próxima partida,0
EL LAG ME MATA A VECES,0
"SEGURO QUE LLEGAS A DIAMANTE JUGANDO ASÍ, GENIO",1
juegas como una mierda,1
eres un b0lud0,1
la rata del jefe del nivel 3 es difícil de matar,0
"muy inteligente, campeón, mira cómo juegas jaja",1
la rata del laboratorio es un jefe genial,0
SALUDOS DESDE LATINOAMÉRICA,0
buena partida!!!,0
¿dónde consigo las pociones?,0
ERES UN PU70,1
esa skin es muy bonita,0
tú eres pendejo,1
AGUANTEN UN POCO MÁS EQUIPO JAJA,0
aguante argentina,0
NECESITO QUE ALGUIEN CUBRA LA RETAGUARDIA,0
gracias por la ayuda,0
el jefe final es muy bueno,0
buena partida,0
eres una estúpida,1
cómo se llama esta zona del mapa,0
ESTE NIVEL ES UN INFIERNO DE DIFÍCIL ?,0
necesito munición,0
eres un b0lud0 que no sabe nada del juego,1
el dragón del nivel 4 da miedo,0
NOS VEMOS EN LA PRÓXIMA PARTIDA :),0
"QUÉ BIEN QUE JUGASTE, INÚTIL",1
vamos a ganar esta partida,0
"qué bien que jugaste, inútil ?",1
necesito que alguien cubra la retaguardia,0
recuerden recoger las llaves,0
VETE A LA MIERDA,1
ojalá te baneen para siempre,1
"claro, genio, sigue así",1
el escuadrón del jefe es complicado!!!,0
saludos desde latinoamérica,0
"excelente, sigue regalando la partida genio",1
eres un m4r1ca que no sabe nada del juego ?,1
eres un gordo...,1
vamos a ganar esta,0
esa skin es muy bonita,0
necesito munición,0
bajen por el pasillo de la izquierda jaja,0
vamos a ganar esta,0
"excelente, sigue regalando la partida genio",1
este nivel es un infierno de difícil,0
tú eres una rata,1
"no estés triste, la ganas la próxima",0
qué 70n74 eres,1
SABES PERDER PORQUE ERES PENDEJA,1
qué partida tan reñida,0
saludos desde latinoamérica ?,0
¿alguien tiene micrófono?...,0
pásame el medkit porfa,0
EL LAG ME MATA A VECES,0
marica de mierda,1
recojan las mejoras del mapa,0
eres un zorra,1
el lag me mata a veces,0
"VAMOS EQUIPO, JUNTOS GANAMOS",0
el jefe final es muy bueno :),0
JUEGAS COMO UNA MIERDA!!!,1
tú eres una rata jaja,1
el equipo pierde por tu culpa pendejo,1
"GG, bien jugado",0
eres un mon9ol0 que no sabe nada del juego,1
recojan las mejoras del mapa,0
QUÉ PUTO ERES,1
qué mal juegas pelotudo ?,1
estoy a un punto de subir de nivel,0
"ya cállate, eres insoportable cabrón",1
vete a jugar otro juego pendeja :),1
buena estrategia la del equipo,0
este nivel es un infierno de difícil,0
todos te odian en esta comunidad :),1
el equipo pierde por tu culpa inútil,1
"GG, bien jugado",0
QUÉ CULERO ERES,1
"claro, genio, sigue así",1
qué buena partida,0
voy a revivir a los caídos,0
el escuadrón del jefe es complicado,0
"qué bien que jugaste, inútil",1
"te voy a reportar, pendejo",1
juegas como una mierda,1
necesito munición,0
¿dónde está el boss?,0
nadie quiere jugar contigo inútil,1
buena partida,0
el jefe final es muy bueno,0
eres una r37ra54d4 ?,1
buena partida!!!,0
el equipo pierde por tu culpa p3rr4,1
¿alguien tiene micrófono?,0
vamos a ganar esta partida...,0
hay un enemigo a la derecha,0
QUÉ MAL JUEGAS CABRÓN,1
recuerden recoger las llaves,0
tu madre es una puto,1
el lag me mata a veces,0
ESE PERSONAJE ESTÁ ROTO EN ESTA VERSIÓN,0
nos vemos en la próxima partida,0
nadie quiere jugar contigo pendeja,1
tu madre es una r37r4s4d0,1
CÓMO SE LLAMA ESTA ZONA DEL MAPA,0
"qué bien que jugaste, inútil",1
"claro, genio, sigue así",1
¿quién quiere jugar ranked?,0
"vamos equipo, juntos ganamos :)",0
vete a la mierda,1
cállate burro!!!,1
la rata del laboratorio es un jefe genial,0
mejor cambiemos de estrategia,0
eres la peor persona de este equipo,1
no sirves para nada burro!!!,1
aguante argentina,0
¿DÓNDE CONSIGO LAS POCIONES?!!!,0
sabes perder porque eres perra,1
recuerden recoger las llaves,0
ERES UN PERRA QUE NO SABE NADA DEL JUEGO,1
necesito que alguien cubra la retaguardia,0
CUBRAN LA ZONA B,0
hay un enemigo a la derecha :),0
"ya cállate, eres insoportable pendejo",1
recuerden recoger las llaves,0
"muy inteligente, campeón, mira cómo juegas",1
vamos a ganar esta partida,0
BUEN TRABAJO EN LA ÚLTIMA RONDA,0
tu madre es una pend3j4!!!,1
CÓMO SE LLAMA ESTA ZONA DEL MAPA ?,0
la rata del jefe del nivel 3 es difícil de matar,0
"genial, lo hicimos",0
sabes perder porque eres retrasado,1
ojalá te baneen para siempre,1
todos te odian en esta comunidad,1
qué mar1c4 eres,1
qué p3lo7udo eres,1
ojalá pierdas todas las partidas pelotudo,1
recojan las mejoras del mapa!!!,0
ojalá pierdas todas las partidas gilipollas,1
ojalá te baneen para siempre...,1
"buena esa, gracias",0
VAMOS A GANAR ESTA PARTIDA,0
hay un enemigo a la derecha,0
RECOJAN LAS MEJORAS DEL MAPA JAJA,0
esa skin es muy bonita,0
"genial, lo hicimos",0
"excelente, sigue regalando la partida genio...",1
ese personaje está roto en esta versión!!!,0
QUÉ MAL JUEGAS TONTA,1
eres un mierda que no sabe nada del juego jaja,1
tú eres una rata...,1
vamos a ganar esta partida,0
"tranquilos, todavía podemos ganar",0
TÚ ERES MARICA ?,1
"ya cállate, eres insoportable p3l0tud0 jaja",1
ojalá te baneen para siempre,1
"TRANQUILOS, TODAVÍA PODEMOS GANAR",0
LA RATA DEL JEFE DEL NIVEL 3 ES DIFÍCIL DE MATAR!!!,0
aguante argentina,0
TODOS TE ODIAN EN ESTA COMUNIDAD,1
no sirves para nada retrasado,1
ojalá te baneen para siempre,1
¿dónde está el boss?,0
necesito que alguien cubra la retaguardia,0
cállate perr4,1
ojalá pierdas todas las partidas m0ng0l0,1
"GG, BIEN JUGADO",0
QUÉ MARICA ERES JAJA,1
qué gilipollas eres,1
este nivel es un infierno de difícil,0
"excelente, sigue regalando la partida genio",1
ESA SKIN ES MUY BONITA,0
esa skin es muy bonita ?,0
el dragón del nivel 4 da miedo,0
eres un boludo que no sabe nada del juego,1
gracias por la ayuda,0
este nivel es un infierno de difícil,0
cubran la zona B!!!,0
tú eres perra,1
QUÉ MAL JUEGAS ESTÚPIDA,1
pásame el medkit porfa,0
puto de mierda,1
hay un enemigo a la derecha,0
cómo se llama esta zona del mapa,0
"muy inteligente, campeón, mira cómo juegas",1
ojalá te baneen para siempre!!!,1
"BUENA ESA, GRACIAS",0
"seguro que llegas a diamante jugando así, genio",1
GG,0
ese personaje está roto en esta versión,0
sígueme por aquí ?,0
¿quién quiere jugar ranked?,0
estoy esperando en la cola del nivel...,0
"seguro que llegas a diamante jugando así, genio",1
mejor cambiemos de estrategia,0
ojalá te baneen para siempre,1
juguemos otra ronda,0
el jefe final es muy bueno :),0
vamos a ganar esta partida,0
"qué bien que jugaste, inútil...",1
aguante argentina,0
necesito que alguien cubra la retaguardia,0
ojalá te baneen para siempre,1
EL DRAGÓN DEL NIVEL 4 DA MIEDO,0
estoy a un punto de subir de nivel,0
vamos a ganar el duelo de jefes,0
estoy a un punto de subir de nivel,0
el lag me mata a veces,0
vete a la mierda,1
"qué bien que jugaste, inútil",1
¿dónde está el boss?,0
EL ESCUADRÓN DEL JEFE ES COMPLICADO!!!,0
tu madre es una retrasado...,1
todos te odian en esta comunidad,1
buena jugada ?,0
todos te odian en esta comunidad,1
no sirves para nada p3nd3j4,1
juguemos otra ronda!!!,0
ojalá te baneen para siempre,1
buena jugada!!!,0
¿alguien tiene micrófono? jaja,0
SALUDOS DESDE LATINOAMÉRICA,0
"vamos equipo, juntos ganamos!!!",0
tú eres una rata,1
"seguro que llegas a diamante jugando así, genio",1
recuerden recoger las llaves,0
el lag me mata a veces,0
"vamos equipo, juntos ganamos",0
AGUANTEN UN POCO MÁS EQUIPO!!!,0
el ping está alto hoy,0
buena jugada,0
"buena esa, gracias :)",0
tú eres una rata,1
pásame el medkit porfa,0
borra el juego fe0,1
el escuadrón del jefe es complicado...,0
la rata del laboratorio es un jefe genial,0
qué r37ra5ad0 eres,1
ESTE NIVEL ES UN INFIERNO DE DIFÍCIL :),0
"muy inteligente, campeón, mira cómo juegas",1
borra el juego inútil,1
"tranquilos, todavía podemos ganar",0
sabes perder porque eres puto,1
tu madre es una estúpida,1
recuerden recoger las llaves,0
pásame el medkit porfa jaja,0
VETE A JUGAR OTRO JUEGO BASURA,1
"qué bien que jugaste, inútil...",1
"genial, lo hicimos...",0
ESA SKIN ES MUY BONITA,0
qué buena partida jaja,0
el equipo pierde por tu culpa zorra ?,1
tú eres idi074,1
me encanta este juego,0
vamos a ganar esta,0
no sirves para nada pendeja,1
OJALÁ TE BANEEN PARA SIEMPRE ?,1
eres un 9il1poll45 que no sabe nada del juego,1
mejor cambiemos de estrategia,0
buena jugada...,0
BUENA JUGADA,0
qué mal juegas gordo,1
hay que rotar a la izquierda,0
¿quién quiere jugar ranked? :),0
SÍGUEME POR AQUÍ,0
"NO ESTÉS TRISTE, LA GANAS LA PRÓXIMA",0
¿quién quiere jugar ranked?,0
juegas como una mierda,1
TU MADRE ES UNA IDIOTA,1
"buena esa, gracias",0
"TE VOY A REPORTAR, BURRO",1
eres la peor persona de este equipo ?,1
me encanta este juego,0
E5TÚP1DO DE MIERDA,1
HAY UN ENEMIGO A LA DERECHA,0
"tranquilos, todavía podemos ganar...",0
recojan las mejoras del mapa,0
el lag me mata a veces...,0
el dragón del nivel 4 da miedo,0
borra el juego z0rr4,1
necesito que alguien cubra la retaguardia,0
qué partida tan reñida :),0
"seguro que llegas a diamante jugando así, genio",1
cómo se llama esta zona del mapa,0
nadie quiere jugar contigo idiota,1
sabes perder porque eres tarado,1
TODOS TE ODIAN EN ESTA COMUNIDAD,1
la rata del laboratorio es un jefe genial,0
zorra de mierda,1
eres retrasado,1
"genial, lo hicimos",0
nadie quiere jugar contigo gordo,1
recojan las mejoras del mapa,0
vamos a ganar el duelo de jefes,0
gg jaja,0
juegas como una mierda,1
sígueme por aquí jaja,0
juegas como una mierda,1
cállate estúpida,1
¿alguien tiene micrófono?,0
MONGOLO DE MIERDA,1
eres una t0nt4,1
el lag me mata a veces jaja,0
qué rata eres,1
ojalá te baneen para siempre,1
cómo se llama esta zona del mapa,0
VAMOS A GANAR EL DUELO DE JEFES,0
¿QUIÉN QUIERE JUGAR RANKED?,0
nos vemos en la próxima partida!!!,0
¿dónde consigo las pociones? ?,0
vamos a ganar esta partida,0
qué buena partida,0
ERES UN BASURA,1
nadie quiere jugar contigo cabrón,1
mejor cambiemos de estrategia,0
el lag me mata a veces,0
NECESITO MUNICIÓN,0
"genial, lo hicimos",0
vete a jugar otro juego pendeja!!!,1
"ya cállate, eres insoportable 3s7úp1d4",1
ojalá te baneen para siempre...,1
tú eres una rata,1
¿alguien tiene micrófono?,0
hay que rotar a la izquierda,0
recuerden recoger las llaves ?,0
cubran la zona B,0
eres un zorra,1
ME ENCANTA ESTE JUEGO,0
vamos a ganar esta,0
sígueme por aquí,0
tú eres una rata,1
necesito munición,0
juegas como una mierda,1
vete a jugar otro juego g0rdo,1
ERES UN PERRA QUE NO SABE NADA DEL JUEGO,1
ESE PERSONAJE ESTÁ ROTO EN ESTA VERSIÓN,0
eres la peor persona de este equipo ?,1
juegas como una mierda,1
recuerden recoger las llaves,0
qué buena partida,0
voy a revivir a los caídos :),0
gordo de mierda jaja,1
CÓMO SE LLAMA ESTA ZONA DEL MAPA,0
ojalá te baneen para siempre...,1
VOY A REVIVIR A LOS CAÍDOS,0
el dragón del nivel 4 da miedo!!!,0
saludos desde latinoamérica,0
"TRANQUILOS, TODAVÍA PODEMOS GANAR",0
ojalá te baneen para siempre,1
hay un enemigo a la derecha,0
pásame el medkit porfa,0
"ya cállate, eres insoportable anormal",1
el jefe final es muy bueno,0
hay que rotar a la izquierda ?,0
tú eres una rata,1
eres un mongolo que no sabe nada del juego,1
vete a jugar otro juego marica,1
buena jugada,0
BUENA ESTRATEGIA LA DEL EQUIPO,0
JUEGAS COMO UNA MIERDA ?,1
"GG, bien jugado",0
"seguro que llegas a diamante jugando así, genio",1
no sirves para nada gordo,1
qué partida tan reñida,0
JUEGAS COMO UNA MIERDA,1
"tranquilos, todavía podemos ganar",0
nos vemos en la próxima partida,0
estoy a un punto de subir de nivel,0
este nivel es un infierno de difícil,0
todos te odian en esta comunidad,1
"te voy a reportar, perra",1
estoy esperando en la cola del nivel,0
eres un pelotudo,1
qué buena partida,0
"seguro que llegas a diamante jugando así, genio ?",1
borra el juego estúpido,1
eres la peor persona de este equipo!!!,1
todos te odian en esta comunidad,1
"ya cállate, eres insoportable tonto",1
el escuadrón del jefe es complicado,0
AGUANTE ARGENTINA,0
buena partida,0
SABES PERDER PORQUE ERES B45UR4,1
tú eres z0rr4,1
NO SIRVES PARA NADA PENDEJA,1
recuerden recoger las llaves ?,0
"NO ESTÉS TRISTE, LA GANAS LA PRÓXIMA...",0
eres una imbécil,1
voy a revivir a los caídos,0
¿dónde consigo las pociones? jaja,0
eres un 4n0rm4l ?,1
vete a jugar otro juego cerdo,1
sabes perder porque eres m4r1c4,1
"excelente, sigue regalando la partida genio",1
qué 357úp1d4 eres,1
eres un re7ra5ad0,1
"genial, lo hicimos",0
"GG, bien jugado",0
bajen por el pasillo de la izquierda,0
necesito que alguien cubra la retaguardia,0
sígueme por aquí,0
4N0RM4L DE MIERDA,1
"muy inteligente, campeón, mira cómo juegas ?",1
la rata del laboratorio es un jefe genial :),0
el dragón del nivel 4 da miedo,0
pásame el medkit porfa,0
¿alguien tiene micrófono?,0
hay que rotar a la izquierda,0
¿quién quiere jugar ranked?,0
eres un an0rmal que no sabe nada del juego,1
¿dónde está el boss?,0
bajen por el pasillo de la izquierda,0
"claro, genio, sigue así ?",1
pásame el medkit porfa,0
SABES PERDER PORQUE ERES PELOTUDO,1
VOY A REVIVIR A LOS CAÍDOS...,0
"ya cállate, eres insoportable zorra...",1
"te voy a reportar, cerdo :)",1
"seguro que llegas a diamante jugando así, genio",1
sabes perder porque eres pelotudo,1
RECOJAN LAS MEJORAS DEL MAPA ?,0
esa skin es muy bonita,0
estoy esperando en la cola del nivel,0
bajen por el pasillo de la izquierda,0
esa skin es muy bonita,0
gracias por la ayuda,0
SABES PERDER PORQUE ERES RETRAS4D0,1
estoy a un punto de subir de nivel,0
la rata del jefe del nivel 3 es difícil de matar,0
aguanten un poco más equipo,0
necesito que alguien cubra la retaguardia,0
sígueme por aquí :),0
"tranquilos, todavía podemos ganar",0
"seguro que llegas a diamante jugando así, genio",1
nadie quiere jugar contigo inútil jaja,1
"claro, genio, sigue así",1
"excelente, sigue regalando la partida genio :)",1
aguanten un poco más equipo,0
"qué bien que jugaste, inútil",1
VAMOS A GANAR ESTA,0
ojalá te baneen para siempre...,1
el escuadrón del jefe es complicado!!!,0
BAJEN POR EL PASILLO DE LA IZQUIERDA,0
juegas como una mierda,1
"NO ESTÉS TRISTE, LA GANAS LA PRÓXIMA",0
eres la peor persona de este equipo,1
el ping está alto hoy,0
aguanten un poco más equipo,0
"TE VOY A REPORTAR, PENDEJO",1
qué partida tan reñida ?,0
"buena esa, gracias",0
el jefe final es muy bueno,0
me encanta este juego,0
no sirves para nada retrasada,1
el dragón del nivel 4 da miedo,0
borra el juego marica,1
saludos desde latinoamérica,0
"te voy a reportar, cerdo",1
bajen por el pasillo de la izquierda!!!,0
bajen por el pasillo de la izquierda,0
aguanten un poco más equipo,0
tú eres p3nd3j4 jaja,1
no sirves para nada pendeja,1
mejor cambiemos de estrategia,0
no sirves para nada m4r1c4,1
"YA CÁLLATE, ERES INSOPORTABLE IMBÉCIL",1
buena estrategia la del equipo,0
eres la peor persona de este equipo,1
el dragón del nivel 4 da miedo,0
EL PING ESTÁ ALTO HOY :),0
vete a la mierda,1
eres un 1mbéc1l,1
me encanta este juego :),0
este nivel es un infierno de difícil,0
BUENA JUGADA :),0
cómo se llama esta zona del mapa,0
qué buena partida,0
recuerden recoger las llaves!!!,0
"te voy a reportar, anormal",1
QUÉ BUENA PARTIDA,0
tu madre es una idio74,1
este nivel es un infierno de difícil,0
la rata del jefe del nivel 3 es difícil de matar,0
buena jugada :),0
voy a revivir a los caídos,0
vete a jugar otro juego cerdo,1
hay que rotar a la izquierda,0
BUENA ESTRATEGIA LA DEL EQUIPO,0
AGUANTEN UN POCO MÁS EQUIPO :),0
eres un retrasada,1
gg,0
mongolo de mierda,1
buena estrategia la del equipo,0
estoy a un punto de subir de nivel,0
qué partida tan reñida,0
qué cerdo eres,1
"ya cállate, eres insoportable retrasada",1
vete a la mierda,1
ese personaje está roto en esta versión ?,0
ojalá te baneen para siempre!!!,1
BUENA JUGADA :),0
vete a jugar otro juego pendeja,1
vete a la mierda,1
"buena esa, gracias",0
nadie quiere jugar contigo estúpida,1
vamos a ganar el duelo de jefes,0
qué buena partida,0
"tranquilos, todavía podemos ganar...",0
"ya cállate, eres insoportable anormal...",1
recojan las mejoras del mapa,0
sígueme por aquí!!!,0
SABES PERDER PORQUE ERES INÚTIL ?,1
estoy esperando en la cola del nivel :),0
"excelente, sigue regalando la partida genio!!!",1
ERES Z0RR4,1
mejor cambiemos de estrategia,0
"VAMOS EQUIPO, JUNTOS GANAMOS",0
cállate 3s7úp1d0 ?,1
eres un burro que no sabe nada del juego,1
buena partida,0
¿quién quiere jugar ranked?,0
vete a jugar otro juego marica...,1
"qué bien que jugaste, inútil",1
voy a revivir a los caídos,0
¿quién quiere jugar ranked?,0
aguante argentina,0
"ya cállate, eres insoportable cerdo!!!",1
aguante argentina,0
el equipo pierde por tu culpa gordo,1
vete a la mierda,1
tú eres rata,1
ojalá pierdas todas las partidas retrasado,1
juguemos otra ronda,0
"seguro que llegas a diamante jugando así, genio",1
ERES UN PENDEJO QUE NO SABE NADA DEL JUEGO,1
tu madre es una tonta,1
EL LAG ME MATA A VECES,0
PÁSAME EL MEDKIT PORFA,0
tú eres una rata jaja,1
ojalá pierdas todas las partidas estúpido :),1
buena jugada!!!,0
vete a la mierda,1
HAY UN ENEMIGO A LA DERECHA!!!,0
"GG, bien jugado",0
necesito que alguien cubra la retaguardia,0
tú eres una rata,1
la rata del jefe del nivel 3 es difícil de matar,0
"te voy a reportar, m4r1c4",1
qué pu70 eres,1
no sirves para nada pendeja,1
"GG, bien jugado",0
tú eres una rata!!!,1
"tranquilos, todavía podemos ganar",0
qué basura eres jaja,1
pásame el medkit porfa,0
eres un cerdo que no sabe nada del juego jaja,1
eres perra,1
vete a la mierda,1
estoy a un punto de subir de nivel,0
¿dónde consigo las pociones?,0
juguemos otra ronda,0
necesito que alguien cubra la retaguardia,0
NECESITO MUNICIÓN!!!,0
tú eres cerdo :),1
"muy inteligente, campeón, mira cómo juegas",1
JUEGAS COMO UNA MIERDA,1
CÓMO SE LLAMA ESTA ZONA DEL MAPA!!!,0
ese personaje está roto en esta versión,0
GRACIAS POR LA AYUDA,0
la rata del jefe del nivel 3 es difícil de matar,0
el equipo pierde por tu culpa cul3r0 ?,1
el dragón del nivel 4 da miedo jaja,0
qué partida tan reñida,0
NADIE QUIERE JUGAR CONTIGO G0RD0,1
BUEN TRABAJO EN LA ÚLTIMA RONDA,0
juegas como una mierda,1
70n7o de mierda,1
tu madre es una pendejo,1
nadie quiere jugar contigo burro :),1
"excelente, sigue regalando la partida genio",1
tu madre es una perra,1
"qué bien que jugaste, inútil",1
el jefe final es muy bueno,0
"genial, lo hicimos",0
"buena esa, gracias",0
el escuadrón del jefe es complicado,0
RECOJAN LAS MEJORAS DEL MAPA,0
el lag me mata a veces,0
EL EQUIPO PIERDE POR TU CULPA PERRA,1
qué mongolo eres,1
BUENA PARTIDA,0
tu madre es una gilipollas :),1
todos te odian en esta comunidad ?,1
gracias por la ayuda,0
"qué bien que jugaste, inútil",1
me encanta este juego!!!,0
NECESITO QUE ALGUIEN CUBRA LA RETAGUARDIA,0
este nivel es un infierno de difícil,0
juegas como una mierda ?,1
borra el juego 357úp1d0 :),1
nos vemos en la próxima partida,0
"qué bien que jugaste, inútil",1
tú eres una rata!!!,1
el escuadrón del jefe es complicado,0
TODOS TE ODIAN EN ESTA COMUNIDAD,1
TÚ ERES GORDO,1
este nivel es un infierno de difícil,0
cómo se llama esta zona del mapa,0
EL EQUIPO PIERDE POR TU CULPA CABRÓN,1
este nivel es un infierno de difícil,0
"vamos equipo, juntos ganamos",0
VETE A LA MIERDA,1
qué mal juegas estúpido,1
ese personaje está roto en esta versión,0
vamos a ganar esta,0
el lag me mata a veces jaja,0
buena partida,0
el equipo pierde por tu culpa mongolo,1
bajen por el pasillo de la izquierda,0
"SEGURO QUE LLEGAS A DIAMANTE JUGANDO ASÍ, GENIO",1
¿dónde consigo las pociones?,0
hay que rotar a la izquierda,0
"buena esa, gracias",0
cómo se llama esta zona del mapa jaja,0
bajen por el pasillo de la izquierda,0
qué mal juegas marica,1
el lag me mata a veces,0
RECUERDEN RECOGER LAS LLAVES,0
eres una estúpido,1
eres la peor persona de este equipo,1
"MUY INTELIGENTE, CAMPEÓN, MIRA CÓMO JUEGAS",1
recojan las mejoras del mapa,0
ojalá pierdas todas las partidas retrasado,1
¿dónde consigo las pociones?,0
BUEN TRABAJO EN LA ÚLTIMA RONDA,0
no sirves para nada 1mbéc1l,1
nadie quiere jugar contigo e57úp1do,1
el ping está alto hoy ?,0
"qué bien que jugaste, inútil",1
eres la peor persona de este equipo,1
tú eres una rata,1
borra el juego estúpida,1
sígueme por aquí,0
imbécil de mierda,1
buena jugada,0
tú eres una rata jaja,1
pásame el medkit porfa,0
el jefe final es muy bueno,0
cubran la zona B...,0
qué mal juegas p3nd3j4,1
eres una cabrona,1
"no estés triste, la ganas la próxima",0
nos vemos en la próxima partida,0
NECESITO MUNICIÓN,0
GG!!!,0
¿alguien tiene micrófono?,0
la rata del laboratorio es un jefe genial,0
bajen por el pasillo de la izquierda,0
necesito que alguien cubra la retaguardia,0
aguante argentina jaja,0
"GENIAL, LO HICIMOS",0
vamos a ganar esta,0
buena estrategia la del equipo,0
eres la peor persona de este equipo,1
todos te odian en esta comunidad,1
"no estés triste, la ganas la próxima :)",0
necesito que alguien cubra la retaguardia :),0
el jefe final es muy bueno,0
AGUANTEN UN POCO MÁS EQUIPO,0
"tranquilos, todavía podemos ganar",0
recojan las mejoras del mapa,0
TU MADRE ES UNA 74R4DO,1
QUÉ PARTIDA TAN REÑIDA,0
QUÉ PELO7UD0 ERES!!!,1
ese personaje está roto en esta versión,0
"te voy a reportar, tonto...",1
buena estrategia la del equipo ?,0
el ping está alto hoy,0
aguanten un poco más equipo,0
gracias por la ayuda...,0
"qué bien que jugaste, inútil",1
"no estés triste, la ganas la próxima",0
t0nt0 de mierda,1
"qué bien que jugaste, inútil",1
recojan las mejoras del mapa ?,0
no sirves para nada gilip0ll4s,1
qué buena partida,0
cómo se llama esta zona del mapa,0
tú eres una rata,1
sígueme por aquí,0
tú eres una rata,1
voy a revivir a los caídos,0
la rata del laboratorio es un jefe genial jaja,0
"excelente, sigue regalando la partida genio",1
cállate marica,1
este nivel es un infierno de difícil,0
nadie quiere jugar contigo zorra,1
nos vemos en la próxima partida,0
el equipo pierde por tu culpa zorra,1
todos te odian en esta comunidad,1
el jefe final es muy bueno,0
"muy inteligente, campeón, mira cómo juegas",1
buen trabajo en la última ronda,0
¿dónde está el boss?,0
estoy a un punto de subir de nivel,0
vete a la mierda,1
el escuadrón del jefe es complicado,0
"vamos equipo, juntos ganamos...",0
"vamos equipo, juntos ganamos",0
eres 1nú71l!!!,1
qué marica eres,1
recuerden recoger las llaves,0
JUGUEMOS OTRA RONDA,0
sígueme por aquí jaja,0
¿alguien tiene micrófono?,0
nos vemos en la próxima partida,0
burro de mierda,1
¿dónde está el boss?,0
¿alguien tiene micrófono?,0
"GG, BIEN JUGADO ?",0
eres un tonta,1
vamos a ganar esta partida,0
no sirves para nada culero,1
"YA CÁLLATE, ERES INSOPORTABLE BASURA ?",1
¿alguien tiene micrófono?,0
buen trabajo en la última ronda,0
eres una imbécil ?,1
nos vemos en la próxima partida,0
estoy esperando en la cola del nivel,0
aguanten un poco más equipo,0
recojan las mejoras del mapa,0
todos te odian en esta comunidad jaja,1
"te voy a reportar, cerdo",1
no sirves para nada rata...,1
eres culero,1
el escuadrón del jefe es complicado,0
¿ALGUIEN TIENE MICRÓFONO?,0
¿quién quiere jugar ranked?!!!,0
mejor cambiemos de estrategia,0
ojalá pierdas todas las partidas r37ras4d0,1
no sirves para nada tarado,1
VAMOS A GANAR ESTA...,0
"seguro que llegas a diamante jugando así, genio",1
¿DÓNDE ESTÁ EL BOSS?,0
el equipo pierde por tu culpa p3l07ud0,1
"vamos equipo, juntos ganamos",0
no sirves para nada pendeja :),1
aguanten un poco más equipo,0
estoy a un punto de subir de nivel :),0
recojan las mejoras del mapa,0
"excelente, sigue regalando la partida genio",1
QUÉ PARTIDA TAN REÑIDA JAJA,0
vete a la mierda jaja,1
eres inútil,1
"CLARO, GENIO, SIGUE ASÍ",1
buen trabajo en la última ronda,0
"ya cállate, eres insoportable feo",1
¿quién quiere jugar ranked?,0
recojan las mejoras del mapa,0
estoy a un punto de subir de nivel,0
¿dónde consigo las pociones?,0
"muy inteligente, campeón, mira cómo juegas",1
estoy esperando en la cola del nivel ?,0
el lag me mata a veces ?,0
tú eres una rata...,1
EL LAG ME MATA A VECES,0
el ping está alto hoy,0
"seguro que llegas a diamante jugando así, genio",1
sígueme por aquí ?,0
el escuadrón del jefe es complicado ?,0
gracias por la ayuda!!!,0
juguemos otra ronda jaja,0
sígueme por aquí,0
buena partida,0
"qué bien que jugaste, inútil",1
vete a la mierda,1
el escuadrón del jefe es complicado,0
JUGUEMOS OTRA RONDA,0
mejor cambiemos de estrategia :),0
sabes perder porque eres feo,1
el ping está alto hoy,0
sabes perder porque eres gordo,1
¿DÓNDE CONSIGO LAS POCIONES?...,0
esa skin es muy bonita,0
aguante argentina,0
HAY QUE ROTAR A LA IZQUIERDA,0
el equipo pierde por tu culpa mierda,1
gracias por la ayuda,0
tu madre es una gordo,1
"excelente, sigue regalando la partida genio",1
vamos a ganar esta partida,0
eres la peor persona de este equipo,1
bajen por el pasillo de la izquierda,0
juguemos otra ronda,0
vete a la mierda jaja,1
qué partida tan reñida,0
"vamos equipo, juntos ganamos...",0
culero de mierda,1
qué partida tan reñida,0
eres un boludo que no sabe nada del juego!!!,1
eres un perra,1
cómo se llama esta zona del mapa ?,0
vete a jugar otro juego cerdo,1
este nivel es un infierno de difícil,0
vete a la mierda,1
"seguro que llegas a diamante jugando así, genio jaja",1
vete a jugar otro juego basura jaja,1
el dragón del nivel 4 da miedo,0
nos vemos en la próxima partida,0
gracias por la ayuda :),0
CÁLLATE CABRONA,1
bajen por el pasillo de la izquierda,0
ese personaje está roto en esta versión,0
NADIE QUIERE JUGAR CONTIGO CERDO,1
tu madre es una cerdo,1
"vamos equipo, juntos ganamos ?",0
"buena esa, gracias",0
nadie quiere jugar contigo cabrona jaja,1
nadie quiere jugar contigo 90rd0,1
tu madre es una zorra,1
juegas como una mierda ?,1
el dragón del nivel 4 da miedo,0
"genial, lo hicimos",0
pásame el medkit porfa,0
ojalá te baneen para siempre,1
qué partida tan reñida,0
basura de mierda,1
"excelente, sigue regalando la partida genio",1
juegas como una mierda,1
necesito que alguien cubra la retaguardia :),0
hay un enemigo a la derecha...,0
BUENA ESTRATEGIA LA DEL EQUIPO,0
no sirves para nada imbécil,1
QUÉ BUENA PARTIDA,0
todos te odian en esta comunidad,1
nos vemos en la próxima partida,0
mejor cambiemos de estrategia :),0
esa skin es muy bonita,0
RECOJAN LAS MEJORAS DEL MAPA,0
"ya cállate, eres insoportable burro",1
¿dónde está el boss?,0
eres la peor persona de este equipo,1
"SEGURO QUE LLEGAS A DIAMANTE JUGANDO ASÍ, GENIO",1
la rata del jefe del nivel 3 es difícil de matar,0
ojalá pierdas todas las partidas marica,1
pásame el medkit porfa,0
b45ur4 de mierda,1
aguanten un poco más equipo,0
"no estés triste, la ganas la próxima",0
"ya cállate, eres insoportable tonto :)",1
BUENA PARTIDA,0
"te voy a reportar, an0rm4l",1
"qué bien que jugaste, inútil...",1
pásame el medkit porfa,0
"EXCELENTE, SIGUE REGALANDO LA PARTIDA GENIO",1
¿dónde está el boss? ?,0
cállate rata,1
eres un t4r4d0,1
hay que rotar a la izquierda,0
el equipo pierde por tu culpa put0,1
tú eres una rata,1
vamos a ganar esta,0
CUBRAN LA ZONA B ?,0
necesito munición,0
eres pelotudo,1
vete a jugar otro juego mierda jaja,1
esa skin es muy bonita,0
eres la peor persona de este equipo,1
TÚ ERES B45UR4,1
tu madre es una cabrón,1
estoy a un punto de subir de nivel,0
el equipo pierde por tu culpa burro,1
este nivel es un infierno de difícil,0
el equipo pierde por tu culpa puto,1
"YA CÁLLATE, ERES INSOPORTABLE CERDO",1
"no estés triste, la ganas la próxima",0
juegas como una mierda,1
el escuadrón del jefe es complicado,0
gracias por la ayuda...,0
qué puto eres,1
BAJEN POR EL PASILLO DE LA IZQUIERDA,0
¿dónde consigo las pociones?,0
¿quién quiere jugar ranked?,0
BUEN TRABAJO EN LA ÚLTIMA RONDA,0
el dragón del nivel 4 da miedo...,0
"claro, genio, sigue así",1
gracias por la ayuda!!!,0
aguante argentina,0
tú eres una rata,1
estoy a un punto de subir de nivel...,0
nadie quiere jugar contigo gordo,1
cállate burr0 :),1
JUEGAS COMO UNA MIERDA ?,1
¿DÓNDE CONSIGO LAS POCIONES?,0
buena partida ?,0
VAMOS A GANAR ESTA...,0
JUGUEMOS OTRA RONDA,0
hay un enemigo a la derecha...,0
"qué bien que jugaste, inútil",1
"ya cállate, eres insoportable f30",1
eres un mierda que no sabe nada del juego,1
"qué bien que jugaste, inútil",1
NECESITO QUE ALGUIEN CUBRA LA RETAGUARDIA,0
"buena esa, gracias",0
VETE A JUGAR OTRO JUEGO C3RDO,1
el lag me mata a veces,0
gracias por la ayuda,0
ojalá pierdas todas las partidas tonta,1
el dragón del nivel 4 da miedo,0
hay que rotar a la izquierda,0
todos te odian en esta comunidad :),1
cubran la zona B,0
"no estés triste, la ganas la próxima",0
borra el juego tonta,1
"vamos equipo, juntos ganamos",0
"buena esa, gracias",0
"excelente, sigue regalando la partida genio...",1
"seguro que llegas a diamante jugando así, genio",1
"BUENA ESA, GRACIAS",0
VAMOS A GANAR ESTA PARTIDA,0
juegas como una mierda,1
hay que rotar a la izquierda,0
el dragón del nivel 4 da miedo,0
EL PING ESTÁ ALTO HOY,0
"genial, lo hicimos",0
no sirves para nada mierda :),1
ojalá te baneen para siempre!!!,1
"seguro que llegas a diamante jugando así, genio",1
el equipo pierde por tu culpa inútil jaja,1
eres un m4r1ca que no sabe nada del juego,1
eres un 91l1p0ll45,1
juegas como una mierda,1
"te voy a reportar, estúpida",1
nadie quiere jugar contigo retrasada,1
"vamos equipo, juntos ganamos",0
VOY A REVIVIR A LOS CAÍDOS,0
¿alguien tiene micrófono? jaja,0
nos vemos en la próxima partida...,0
tu madre es una feo,1
recojan las mejoras del mapa,0
"claro, genio, sigue así",1
ojalá te baneen para siempre,1
"vamos equipo, juntos ganamos",0
VETE A LA MIERDA,1
bajen por el pasillo de la izquierda...,0
el jefe final es muy bueno,0
gg,0
tú eres rata,1
buena partida,0
tú eres cabrona ?,1
tu madre es una 357úp1d4,1
qué mal juegas c4brón ?,1
"excelente, sigue regalando la partida genio jaja",1
buena partida,0
vete a jugar otro juego idiota,1
"genial, lo hicimos",0
JUEGAS COMO UNA MIERDA,1
juegas como una mierda,1
¿quién quiere jugar ranked? :),0
buen trabajo en la última ronda,0
gilipollas de mierda,1
buena partida,0
la rata del jefe del nivel 3 es difícil de matar,0
qué retrasada eres,1
esa skin es muy bonita,0
"seguro que llegas a diamante jugando así, genio",1
tú eres imbécil,1
"te voy a reportar, feo",1
tú eres una rata :),1
cómo se llama esta zona del mapa!!!,0
"GG, bien jugado",0
"BUENA ESA, GRACIAS",0
hay que rotar a la izquierda,0
"te voy a reportar, idiota",1
necesito que alguien cubra la retaguardia,0
aguante argentina,0
nadie quiere jugar contigo retrasado,1
hay un enemigo a la derecha,0
tú eres una rata :),1
tú eres una rata,1
"seguro que llegas a diamante jugando así, genio",1
saludos desde latinoamérica,0
ojalá pierdas todas las partidas retrasado,1
cállate cul3r0,1
¿ALGUIEN TIENE MICRÓFONO?,0
qué buena partida ?,0
cállate mierda,1
"te voy a reportar, tonto",1
el dragón del nivel 4 da miedo,0
¿dónde consigo las pociones?,0
¿dónde está el boss?,0
me encanta este juego :),0
buena estrategia la del equipo,0
vamos a ganar esta,0
"excelente, sigue regalando la partida genio",1
sígueme por aquí,0
cállate idiota!!!,1
ERES LA PEOR PERSONA DE ESTE EQUIPO,1
bajen por el pasillo de la izquierda,0
¿alguien tiene micrófono?,0
tú eres una rata,1
esa skin es muy bonita,0
QUÉ R37RA54D0 ERES!!!,1
ojalá te baneen para siempre,1
juegas como una mierda,1
BUENA JUGADA,0
este nivel es un infierno de difícil,0
CÓMO SE LLAMA ESTA ZONA DEL MAPA,0
el lag me mata a veces,0
vamos a ganar esta...,0
EL EQUIPO PIERDE POR TU CULPA T4RAD0,1
"ya cállate, eres insoportable mi3rd4 :)",1
el equipo pierde por tu culpa gordo,1
todos te odian en esta comunidad,1
eres un 35túpid4,1
ERES GILIPOLLAS,1
eres un basura que no sabe nada del juego jaja,1
el equipo pierde por tu culpa gordo,1
"seguro que llegas a diamante jugando así, genio",1
el escuadrón del jefe es complicado!!!,0
juegas como una mierda,1
MEJOR CAMBIEMOS DE ESTRATEGIA,0
el ping está alto hoy,0
nadie quiere jugar contigo estúpido,1
tú eres una rata!!!,1
no sirves para nada puto,1
¿alguien tiene micrófono?,0
vete a jugar otro juego cabrona,1
"QUÉ BIEN QUE JUGASTE, INÚTIL ?",1
hay que rotar a la izquierda,0
tu madre es una cabrona,1
vamos a ganar esta,0
"qué bien que jugaste, inútil",1
hay un enemigo a la derecha,0
saludos desde latinoamérica ?,0
ojalá te baneen para siempre,1
¿dónde está el boss?,0
todos te odian en esta comunidad,1
necesito munición,0
QUÉ CERDO ERES,1
"EXCELENTE, SIGUE REGALANDO LA PARTIDA GENIO",1
este nivel es un infierno de difícil,0
"NO ESTÉS TRISTE, LA GANAS LA PRÓXIMA",0
esa skin es muy bonita,0
¿alguien tiene micrófono?,0
estoy esperando en la cola del nivel,0
gg,0
TÚ ERES UNA RATA,1
"seguro que llegas a diamante jugando así, genio",1
la rata del laboratorio es un jefe genial,0
hay un enemigo a la derecha,0
cállate estúpida,1
el ping está alto hoy,0
necesito que alguien cubra la retaguardia,0
ESE PERSONAJE ESTÁ ROTO EN ESTA VERSIÓN,0
vete a la mierda,1
el dragón del nivel 4 da miedo,0
"muy inteligente, campeón, mira cómo juegas!!!",1
CUBRAN LA ZONA B ?,0
aguante argentina,0
EL PING ESTÁ ALTO HOY,0
vamos a ganar esta partida...,0
la rata del jefe del nivel 3 es difícil de matar ?,0
TÚ ERES INÚTIL,1
saludos desde latinoamérica,0
qué puto eres,1
gracias por la ayuda jaja,0
¿ALGUIEN TIENE MICRÓFONO?,0
esa skin es muy bonita,0
"GG, bien jugado",0
TÚ ERES RETRASADA,1
VAMOS A GANAR ESTA,0
todos te odian en esta comunidad,1
ESTE NIVEL ES UN INFIERNO DE DIFÍCIL,0
eres un tarado que no sabe nada del juego,1
sígueme por aquí,0
HAY QUE ROTAR A LA IZQUIERDA...,0
buen trabajo en la última ronda,0
recojan las mejoras del mapa,0
TÚ ERES P3ND3JA,1
eres zorra...,1
no sirves para nada put0,1
EL ESCUADRÓN DEL JEFE ES COMPLICADO,0
ojalá pierdas todas las partidas tonta,1
"te voy a reportar, z0rra",1
¿quién quiere jugar ranked?,0
todos te odian en esta comunidad,1
eres un pelotudo,1
NADIE QUIERE JUGAR CONTIGO TONTA,1
estoy a un punto de subir de nivel,0
cubran la zona B,0
aguante argentina,0
ese personaje está roto en esta versión,0
qué partida tan reñida,0
necesito munición!!!,0
esa skin es muy bonita,0
estoy a un punto de subir de nivel,0
gracias por la ayuda,0
buena partida,0
buena jugada,0
EL EQUIPO PIERDE POR TU CULPA RETRASADA,1
gg,0
"ya cállate, eres insoportable puto",1
tú eres rata,1
¿alguien tiene micrófono?,0
buena jugada jaja,0
NO SIRVES PARA NADA IDIOTA,1
el escuadrón del jefe es complicado,0
"vamos equipo, juntos ganamos",0
me encanta este juego,0
"claro, genio, sigue así",1
eres una retrasado,1
eres un p3rr4 que no sabe nada del juego,1
¿dónde consigo las pociones?,0
cállate z0rr4,1
recuerden recoger las llaves,0
ERES LA PEOR PERSONA DE ESTE EQUIPO,1
ojalá pierdas todas las partidas cerdo,1
cállate b45ur4,1
"seguro que llegas a diamante jugando así, genio",1
ojalá te baneen para siempre,1
necesito munición,0
recuerden recoger las llaves,0
me encanta este juego jaja,0
"no estés triste, la ganas la próxima",0
gracias por la ayuda,0
CUBRAN LA ZONA B...,0
"seguro que llegas a diamante jugando así, genio",1
nadie quiere jugar contigo zorra :),1
sabes perder porque eres mierda,1
vamos a ganar esta partida,0
"ya cállate, eres insoportable retrasado",1
vete a la mierda,1
¿quién quiere jugar ranked?,0
tu madre es una cabrona...,1
hay un enemigo a la derecha...,0
qué partida tan reñida,0
ese personaje está roto en esta versión,0
"te voy a reportar, pelotudo",1
NADIE QUIERE JUGAR CONTIGO FE0,1
sígueme por aquí,0
la rata del laboratorio es un jefe genial,0
NECESITO MUNICIÓN,0
nos vemos en la próxima partida,0
el jefe final es muy bueno...,0
"CLARO, GENIO, SIGUE ASÍ",1
me encanta este juego!!!,0
nadie quiere jugar contigo inútil,1
"te voy a reportar, cabrón",1
qué buena partida,0
voy a revivir a los caídos,0
todos te odian en esta comunidad,1
gg,0
"claro, genio, sigue así",1
voy a revivir a los caídos,0
SABES PERDER PORQUE ERES PUTO ?,1
BUENA ESTRATEGIA LA DEL EQUIPO,0
vete a jugar otro juego rata jaja,1
borra el juego c4br0na,1
ERES UN RA74 ?,1
bajen por el pasillo de la izquierda ?,0
"TRANQUILOS, TODAVÍA PODEMOS GANAR",0
ojalá te baneen para siempre,1
nadie quiere jugar contigo marica,1
tu madre es una tonta,1
sígueme por aquí,0
bajen por el pasillo de la izquierda...,0
bajen por el pasillo de la izquierda!!!,0
cómo se llama esta zona del mapa,0
voy a revivir a los caídos,0
vamos a ganar esta,0
ESTOY A UN PUNTO DE SUBIR DE NIVEL :),0
ojalá pierdas todas las partidas pu70,1
esa skin es muy bonita jaja,0
aguanten un poco más equipo,0
QUÉ PARTIDA TAN REÑIDA,0
tú eres idiota :),1
"excelente, sigue regalando la partida genio!!!",1
el escuadrón del jefe es complicado jaja,0
gracias por la ayuda,0
qué mal juegas p3nd3jo,1
hay que rotar a la izquierda,0
eres un cabrón,1
vete a la mierda,1
juegas como una mierda,1
no sirves para nada cerdo,1
eres una feo...,1
VAMOS A GANAR ESTA PARTIDA JAJA,0
gracias por la ayuda...,0
¿dónde consigo las pociones?,0
estoy a un punto de subir de nivel,0
"genial, lo hicimos",0
EL ESCUADRÓN DEL JEFE ES COMPLICADO,0
NECESITO MUNICIÓN,0
"GG, bien jugado",0
todos te odian en esta comunidad,1
cómo se llama esta zona del mapa,0
¿dónde está el boss? jaja,0
vamos a ganar el duelo de jefes,0
tú eres idiota,1
"claro, genio, sigue así",1
qué mal juegas retrasada...,1
"seguro que llegas a diamante jugando así, genio",1
eres una anorm4l,1
"muy inteligente, campeón, mira cómo juegas",1
aguanten un poco más equipo,0
EL ESCUADRÓN DEL JEFE ES COMPLICADO,0
eres feo,1
bajen por el pasillo de la izquierda,0
ESTOY A UN PUNTO DE SUBIR DE NIVEL,0
cubran la zona B,0
aguanten un poco más equipo,0
estoy esperando en la cola del nivel,0
mejor cambiemos de estrategia,0
"excelente, sigue regalando la partida genio",1
recuerden recoger las llaves,0
qué mal juegas mongolo,1
el dragón del nivel 4 da miedo,0
necesito munición,0
TÚ ERES UNA RATA!!!,1
qué basura eres,1
"YA CÁLLATE, ERES INSOPORTABLE 70NTA",1
"EXCELENTE, SIGUE REGALANDO LA PARTIDA GENIO",1
vete a la mierda,1
qué idiota eres,1
"excelente, sigue regalando la partida genio",1
eres una cabrón,1
"claro, genio, sigue así :)",1
el dragón del nivel 4 da miedo,0
qué culero eres,1
"excelente, sigue regalando la partida genio",1
ese personaje está roto en esta versión,0
el lag me mata a veces,0
SABES PERDER PORQUE ERES CABRÓN,1
qué mal juegas m13rd4 ?,1
nos vemos en la próxima partida,0
"vamos equipo, juntos ganamos",0
vete a jugar otro juego cerdo jaja,1
qué mal juegas cabrona jaja,1
borra el juego tonto,1
¿quién quiere jugar ranked?,0
el equipo pierde por tu culpa boludo,1
juguemos otra ronda,0
buen trabajo en la última ronda,0
BUENA PARTIDA,0
todos te odian en esta comunidad,1
estoy esperando en la cola del nivel,0
borra el juego perra jaja,1
"GG, bien jugado",0
necesito que alguien cubra la retaguardia...,0
voy a revivir a los caídos,0
qué m13rd4 eres,1
nadie quiere jugar contigo pelotudo,1
saludos desde latinoamérica,0
ESTOY A UN PUNTO DE SUBIR DE NIVEL,0
el ping está alto hoy,0
el equipo pierde por tu culpa pelotudo,1
buen trabajo en la última ronda :),0
ojalá pierdas todas las partidas cabrón...,1
nadie quiere jugar contigo boludo,1
"GG, bien jugado",0
este nivel es un infierno de difícil,0
qué mal juegas perra,1
bajen por el pasillo de la izquierda jaja,0
este nivel es un infierno de difícil,0
no sirves para nada inútil,1
tu madre es una cabrona,1
"YA CÁLLATE, ERES INSOPORTABLE TONTO JAJA",1
la rata del laboratorio es un jefe genial,0
tu madre es una tonta,1
hay un enemigo a la derecha,0
"tranquilos, todavía podemos ganar",0
aguanten un poco más equipo,0
sabes perder porque eres tonto ?,1
"muy inteligente, campeón, mira cómo juegas :)",1
tú eres imbécil,1
cómo se llama esta zona del mapa,0
vete a jugar otro juego cerdo,1
tú eres una rata,1
buena partida,0
sabes perder porque eres estúpido jaja,1
nadie quiere jugar contigo zorra,1
VOY A REVIVIR A LOS CAÍDOS,0
¿dónde consigo las pociones?,0
"GG, bien jugado jaja",0
mejor cambiemos de estrategia,0
juguemos otra ronda,0
"excelente, sigue regalando la partida genio",1
tú eres una rata!!!,1
"buena esa, gracias",0
el lag me mata a veces,0
"vamos equipo, juntos ganamos",0
recuerden recoger las llaves...,0
ojalá te baneen para siempre,1
todos te odian en esta comunidad,1
el dragón del nivel 4 da miedo,0
juegas como una mierda,1
necesito munición,0
CÓMO SE LLAMA ESTA ZONA DEL MAPA,0
TÚ ERES CABRÓN,1
qué partida tan reñida,0
recojan las mejoras del mapa,0
hay que rotar a la izquierda,0
"te voy a reportar, pendeja",1
qué partida tan reñida,0
sígueme por aquí,0
"excelente, sigue regalando la partida genio ?",1
nos vemos en la próxima partida :),0
"buena esa, gracias ?",0
vamos a ganar esta partida jaja,0
sabes perder porque eres retrasada,1
ERES UN TARADO QUE NO SABE NADA DEL JUEGO,1
"YA CÁLLATE, ERES INSOPORTABLE Z0RR4",1
"tranquilos, todavía podemos ganar",0
cállate cabrón,1
tú eres 1nútil,1
eres un p3nd3jo,1
tú eres una rata!!!,1
estoy a un punto de subir de nivel,0
¿quién quiere jugar ranked?,0
necesito que alguien cubra la retaguardia,0
eres un perra,1
el equipo pierde por tu culpa r474,1
eres la peor persona de este equipo,1
"seguro que llegas a diamante jugando así, genio",1
estoy esperando en la cola del nivel jaja,0
borra el juego mongolo,1
qué buena partida,0
buena jugada,0
¿DÓNDE ESTÁ EL BOSS? ?,0
sabes perder porque eres zorra,1
"seguro que llegas a diamante jugando así, genio",1
estoy esperando en la cola del nivel,0
sabes perder porque eres cabrona :),1
qué buena partida ?,0
"YA CÁLLATE, ERES INSOPORTABLE GILIPOLLAS",1
juegas como una mierda,1
ese personaje está roto en esta versión!!!,0
qué tonta eres,1
GG...,0
vete a jugar otro juego estúpida,1
TÚ ERES PERRA,1
el escuadrón del jefe es complicado...,0
nadie quiere jugar contigo rata,1
cállate estúpida,1
"GG, bien jugado",0
saludos desde latinoamérica,0
gracias por la ayuda,0
qué buena partida,0
ojalá pierdas todas las partidas cabrón,1
el ping está alto hoy jaja,0
voy a revivir a los caídos,0
mejor cambiemos de estrategia,0
"te voy a reportar, c3rdo",1
OJALÁ TE BANEEN PARA SIEMPRE,1
no sirves para nada c3rd0,1
qué buena partida,0
PÁSAME EL MEDKIT PORFA :),0
buena jugada,0
qué mal juegas estúpida,1
"NO ESTÉS TRISTE, LA GANAS LA PRÓXIMA",0
necesito munición,0
JUEGAS COMO UNA MIERDA,1
esa skin es muy bonita,0
"qué bien que jugaste, inútil",1
eres un pendejo,1
voy a revivir a los caídos,0
"muy inteligente, campeón, mira cómo juegas",1
"te voy a reportar, inútil",1
qué mal juegas put0,1
el escuadrón del jefe es complicado,0
sígueme por aquí :),0
esa skin es muy bonita,0
la rata del jefe del nivel 3 es difícil de matar,0
necesito que alguien cubra la retaguardia,0
estoy a un punto de subir de nivel,0
eres una ra7a,1
qué zorra eres,1
vete a jugar otro juego marica,1
ojalá te baneen para siempre :),1
recuerden recoger las llaves,0
TÚ ERES UNA RATA,1
vete a jugar otro juego 7on7o!!!,1
"VAMOS EQUIPO, JUNTOS GANAMOS",0
estoy esperando en la cola del nivel,0
cubran la zona B ?,0
gracias por la ayuda,0
ojalá pierdas todas las partidas c3rd0,1
voy a revivir a los caídos,0
"QUÉ BIEN QUE JUGASTE, INÚTIL",1
tú eres una rata,1
¿alguien tiene micrófono?,0
ESTOY A UN PUNTO DE SUBIR DE NIVEL,0
cómo se llama esta zona del mapa,0
necesito que alguien cubra la retaguardia,0
vete a jugar otro juego m1erda,1
tú eres 7on74 ?,1
todos te odian en esta comunidad,1
el ping está alto hoy :),0
recojan las mejoras del mapa,0
tú eres estúpida,1
buena jugada,0
nadie quiere jugar contigo zorra,1
hay que rotar a la izquierda,0
"no estés triste, la ganas la próxima ?",0
"no estés triste, la ganas la próxima!!!",0
buen trabajo en la última ronda,0
saludos desde latinoamérica,0
el equipo pierde por tu culpa perra!!!,1
"excelente, sigue regalando la partida genio",1
"no estés triste, la ganas la próxima",0
"qué bien que jugaste, inútil",1
esa skin es muy bonita,0
buen trabajo en la última ronda,0
qué buena partida,0
"GENIAL, LO HICIMOS",0
necesito que alguien cubra la retaguardia,0
marica de mierda,1
este nivel es un infierno de difícil,0
el dragón del nivel 4 da miedo,0
"no estés triste, la ganas la próxima",0
"CLARO, GENIO, SIGUE ASÍ",1
VETE A JUGAR OTRO JUEGO Z0RR4,1
la rata del jefe del nivel 3 es difícil de matar,0
"genial, lo hicimos :)",0
"TE VOY A REPORTAR, IDIOTA",1
necesito que alguien cubra la retaguardia,0
el dragón del nivel 4 da miedo,0
todos te odian en esta comunidad,1
"ya cállate, eres insoportable marica",1
ESTOY A UN PUNTO DE SUBIR DE NIVEL,0
"GG, BIEN JUGADO",0
SALUDOS DESDE LATINOAMÉRICA,0
qué partida tan reñida,0
"excelente, sigue regalando la partida genio",1
gg jaja,0
cállate r47a,1
recuerden recoger las llaves,0
EL LAG ME MATA A VECES...,0
vamos a ganar esta,0
el ping está alto hoy,0
cómo se llama esta zona del mapa,0
tú eres basura,1
"muy inteligente, campeón, mira cómo juegas",1
rata de mierda,1
buena estrategia la del equipo jaja,0
"excelente, sigue regalando la partida genio",1
nadie quiere jugar contigo feo,1
"muy inteligente, campeón, mira cómo juegas",1
saludos desde latinoamérica,0
hay un enemigo a la derecha,0
saludos desde latinoamérica,0
la rata del jefe del nivel 3 es difícil de matar,0
el escuadrón del jefe es complicado,0
TÚ ERES UNA RATA,1
aguanten un poco más equipo,0
borra el juego 1d1o74...,1
borra el juego rata,1
cállate zorra,1
este nivel es un infierno de difícil,0
el jefe final es muy bueno,0
cállate marica :),1
el jefe final es muy bueno,0
"buena esa, gracias",0
eres un t0nta que no sabe nada del juego,1
aguante argentina,0
ese personaje está roto en esta versión,0
voy a revivir a los caídos,0
vete a la mierda,1
me encanta este juego,0
eres un cabrón que no sabe nada del juego,1
esa skin es muy bonita jaja,0
ERES UNA CABRONA,1
el lag me mata a veces,0
hay que rotar a la izquierda...,0
la rata del jefe del nivel 3 es difícil de matar,0
bajen por el pasillo de la izquierda,0
"claro, genio, sigue así ?",1
CÓMO SE LLAMA ESTA ZONA DEL MAPA,0
qué partida tan reñida,0
"ya cállate, eres insoportable tonta",1
el jefe final es muy bueno...,0
no sirves para nada pendeja,1
tú eres una rata,1
borra el juego 90rdo,1
la rata del laboratorio es un jefe genial,0
GG ?,0
el dragón del nivel 4 da miedo,0
eres tonto,1
sabes perder porque eres estúpida,1
HAY UN ENEMIGO A LA DERECHA,0
el dragón del nivel 4 da miedo,0
el dragón del nivel 4 da miedo,0
nadie quiere jugar contigo cabrón,1
¿alguien tiene micrófono?,0
p3ndej4 de mierda,1
"ya cállate, eres insoportable g0rd0",1
cállate b45ur4 :),1
estoy a un punto de subir de nivel,0
tú eres una rata,1
juegas como una mierda,1
"vamos equipo, juntos ganamos",0
qué tonta eres,1
sígueme por aquí,0
necesito que alguien cubra la retaguardia,0
juguemos otra ronda...,0
¿DÓNDE CONSIGO LAS POCIONES?,0
eres la peor persona de este equipo,1
feo de mierda,1
"seguro que llegas a diamante jugando así, genio :)",1
ojalá te baneen para siempre :),1
eres t0n74,1
ojalá te baneen para siempre,1
aguante argentina,0
el jefe final es muy bueno,0
nadie quiere jugar contigo tonta,1
ojalá te baneen para siempre,1
NADIE QUIERE JUGAR CONTIGO ZORRA,1
el lag me mata a veces,0
qué feo eres,1
JUEGAS COMO UNA MIERDA,1
"YA CÁLLATE, ERES INSOPORTABLE GILIPOLLAS",1
ojalá te baneen para siempre,1
recuerden recoger las llaves,0
¿ALGUIEN TIENE MICRÓFONO?,0
esa skin es muy bonita,0
"ya cállate, eres insoportable perra",1
NECESITO QUE ALGUIEN CUBRA LA RETAGUARDIA,0
buena estrategia la del equipo,0
recojan las mejoras del mapa,0
aguanten un poco más equipo,0
BORRA EL JUEGO CABRÓN,1
MEJOR CAMBIEMOS DE ESTRATEGIA,0
el jefe final es muy bueno,0
"vamos equipo, juntos ganamos",0
el ping está alto hoy,0
el jefe final es muy bueno,0
"genial, lo hicimos!!!",0
esa skin es muy bonita,0
gg,0
el escuadrón del jefe es complicado,0
NECESITO MUNICIÓN ?,0
tú eres una rata,1
ojalá pierdas todas las partidas mongolo,1
voy a revivir a los caídos,0
gracias por la ayuda,0
mejor cambiemos de estrategia,0
"claro, genio, sigue así ?",1
cállate gordo,1
nadie quiere jugar contigo 70nt4,1
eres una 70n70,1
BUENA PARTIDA ?,0
todos te odian en esta comunidad,1
"SEGURO QUE LLEGAS A DIAMANTE JUGANDO ASÍ, GENIO",1
gracias por la ayuda :),0
c3rdo de mierda,1
"excelente, sigue regalando la partida genio",1
pásame el medkit porfa jaja,0
sabes perder porque eres inútil,1
este nivel es un infierno de difícil,0
ERES UN FEO QUE NO SABE NADA DEL JUEGO,1
gracias por la ayuda,0
vamos a ganar esta partida,0
tu madre es una cerdo,1
cubran la zona B,0
qué mal juegas z0rr4,1
no sirves para nada anormal,1
EL EQUIPO PIERDE POR TU CULPA ESTÚPIDO,1
cubran la zona B,0
eres la peor persona de este equipo,1
vete a jugar otro juego p3rr4,1
tu madre es una g1l1p0lla5...,1
voy a revivir a los caídos,0
este nivel es un infierno de difícil,0
gg,0
¿dónde está el boss?,0
qué mal juegas gilipollas,1
tú eres mongolo jaja,1
qué m4r1ca eres,1
ojalá pierdas todas las partidas t4rad0,1
eres un inútil que no sabe nada del juego,1
¿dónde está el boss? :),0
borra el juego perra,1
me encanta este juego :),0
recojan las mejoras del mapa,0
qué mal juegas estúpida,1
el ping está alto hoy jaja,0
buen trabajo en la última ronda,0
VAMOS A GANAR ESTA,0
cállate puto,1
TÚ ERES TONTA...,1
"vamos equipo, juntos ganamos",0
vete a la mierda,1
este nivel es un infierno de difícil,0
sabes perder porque eres inútil,1
"te voy a reportar, m0ngolo ?",1
AGUANTEN UN POCO MÁS EQUIPO,0
tú eres una rata,1
el equipo pierde por tu culpa tarado,1
eres una pendejo!!!,1
el escuadrón del jefe es complicado,0
borra el juego anormal,1
la rata del laboratorio es un jefe genial!!!,0
OJALÁ TE BANEEN PARA SIEMPRE,1
qué buena partida,0
CUBRAN LA ZONA B,0
mejor cambiemos de estrategia,0
qué idiota eres,1
recuerden recoger las llaves,0
necesito que alguien cubra la retaguardia,0
el escuadrón del jefe es complicado,0
"SEGURO QUE LLEGAS A DIAMANTE JUGANDO ASÍ, GENIO",1
"SEGURO QUE LLEGAS A DIAMANTE JUGANDO ASÍ, GENIO",1
qué anormal eres,1
EL ESCUADRÓN DEL JEFE ES COMPLICADO,0
la rata del laboratorio es un jefe genial,0
saludos desde latinoamérica!!!,0
esa skin es muy bonita,0
"te voy a reportar, gilipollas...",1
¿alguien tiene micrófono?,0
juegas como una mierda!!!,1
sígueme por aquí,0
saludos desde latinoamérica,0
eres la peor persona de este equipo,1
estoy a un punto de subir de nivel,0
"buena esa, gracias",0
SABES PERDER PORQUE ERES CULERO,1
RECUERDEN RECOGER LAS LLAVES...,0
"genial, lo hicimos",0
BUENA PARTIDA,0
"CLARO, GENIO, SIGUE ASÍ",1
aguanten un poco más equipo ?,0
"muy inteligente, campeón, mira cómo juegas",1
"qué bien que jugaste, inútil",1
¿dónde consigo las pociones? ?,0
VETE A JUGAR OTRO JUEGO BURRO,1
la rata del jefe del nivel 3 es difícil de matar,0
vete a jugar otro juego retrasado,1
"seguro que llegas a diamante jugando así, genio",1
NADIE QUIERE JUGAR CONTIGO MONGOLO,1
"GG, bien jugado",0
"te voy a reportar, boludo!!!",1
4norm4l de mierda,1
tú eres una rata,1
tú eres estúpido jaja,1
tu madre es una imbécil,1
cerdo de mierda,1
OJALÁ TE BANEEN PARA SIEMPRE,1
cubran la zona B,0
TÚ ERES RETRASADA,1
ESTE NIVEL ES UN INFIERNO DE DIFÍCIL,0
juegas como una mierda,1
"tranquilos, todavía podemos ganar",0
bajen por el pasillo de la izquierda,0
EL LAG ME MATA A VECES,0
pásame el medkit porfa,0
saludos desde latinoamérica,0
SABES PERDER PORQUE ERES R3TR454D4,1
ojalá te baneen para siempre,1
"SEGURO QUE LLEGAS A DIAMANTE JUGANDO ASÍ, GENIO",1
"qué bien que jugaste, inútil",1
qué mal juegas cul3r0,1
este nivel es un infierno de difícil,0
cómo se llama esta zona del mapa,0
qué re7r454da eres,1
"muy inteligente, campeón, mira cómo juegas",1
CUBRAN LA ZONA B,0
buena partida,0
qué basura eres,1
¿dónde está el boss?,0
gracias por la ayuda,0
VOY A REVIVIR A LOS CAÍDOS,0
¿ALGUIEN TIENE MICRÓFONO?,0
ERES UN PUTO QUE NO SABE NADA DEL JUEGO,1
"claro, genio, sigue así :)",1
la rata del jefe del nivel 3 es difícil de matar,0
qué partida tan reñida jaja,0
tú eres una rata,1
vete a la mierda,1
ese personaje está roto en esta versión :),0
ojalá pierdas todas las partidas cabrona,1
buen trabajo en la última ronda :),0
eres un perra,1
nos vemos en la próxima partida,0
vamos a ganar esta ?,0
mejor cambiemos de estrategia,0
saludos desde latinoamérica,0
me encanta este juego,0
JUEGAS COMO UNA MIERDA,1
gg,0
¿alguien tiene micrófono?,0
no sirves para nada m0n9ol0,1
tú eres cul3r0,1
"te voy a reportar, c3rd0",1
OJALÁ PIERDAS TODAS LAS PARTIDAS IMBÉCIL,1
"ya cállate, eres insoportable boludo",1
GG,0
recojan las mejoras del mapa!!!,0
"muy inteligente, campeón, mira cómo juegas :)",1
el lag me mata a veces :),0
"excelente, sigue regalando la partida genio jaja",1
el ping está alto hoy,0
aguanten un poco más equipo,0
eres un mierda jaja,1
tú eres puto,1
necesito que alguien cubra la retaguardia,0
qué mal juegas tont4,1
juguemos otra ronda,0
ojalá te baneen para siempre,1
TODOS TE ODIAN EN ESTA COMUNIDAD,1
sabes perder porque eres pelotudo,1
gg,0
cubran la zona B,0
NECESITO MUNICIÓN,0
cómo se llama esta zona del mapa ?,0
el jefe final es muy bueno,0
"excelente, sigue regalando la partida genio",1
el jefe final es muy bueno!!!,0
bajen por el pasillo de la izquierda!!!,0
todos te odian en esta comunidad,1
nadie quiere jugar contigo inútil,1
eres un puto que no sabe nada del juego...,1
eres un r37r4sad4 :),1
cubran la zona B,0
qué p3nd3j0 eres...,1
ERES UN RE7RA54D4,1
estoy a un punto de subir de nivel,0
vamos a ganar esta partida,0
eres una boludo,1
NADIE QUIERE JUGAR CONTIGO RATA,1
sígueme por aquí,0
EL EQUIPO PIERDE POR TU CULPA RETRASADO,1
BUEN TRABAJO EN LA ÚLTIMA RONDA,0
eres marica...,1
voy a revivir a los caídos jaja,0
aguanten un poco más equipo,0
"excelente, sigue regalando la partida genio",1
vete a jugar otro juego m4r1ca...,1
NOS VEMOS EN LA PRÓXIMA PARTIDA,0
eres boludo jaja,1
borra el juego imbécil,1
qué e57úp1d4 eres,1
eres la peor persona de este equipo,1
tú eres cabrón,1
"te voy a reportar, gordo",1
"SEGURO QUE LLEGAS A DIAMANTE JUGANDO ASÍ, GENIO",1
ojalá pierdas todas las partidas perra ?,1
QUÉ MAL JUEGAS PENDEJA ?,1
"te voy a reportar, mongolo",1
ojalá te baneen para siempre jaja,1
eres una e5túp1da,1
"vamos equipo, juntos ganamos",0
gg...,0
el jefe final es muy bueno,0
el lag me mata a veces,0
el ping está alto hoy,0
hay que rotar a la izquierda,0
ese personaje está roto en esta versión,0
nos vemos en la próxima partida!!!,0
buena partida ?,0
necesito que alguien cubra la retaguardia,0
sígueme por aquí,0
esa skin es muy bonita,0
SÍGUEME POR AQUÍ,0
juegas como una mierda,1
NECESITO QUE ALGUIEN CUBRA LA RETAGUARDIA,0
cállate burr0,1
buen trabajo en la última ronda,0
vete a jugar otro juego estúpida,1
"TE VOY A REPORTAR, R47A",1
el equipo pierde por tu culpa tarado,1
sabes perder porque eres cabrón,1
no sirves para nada cerdo,1
me encanta este juego,0
la rata del jefe del nivel 3 es difícil de matar,0
pelotudo de mierda,1
BAJEN POR EL PASILLO DE LA IZQUIERDA,0
mejor cambiemos de estrategia,0
QUÉ MAL JUEGAS ESTÚPIDO,1
¿alguien tiene micrófono?...,0
todos te odian en esta comunidad,1
"GG, bien jugado",0
cállate cul3r0 ?,1
hay que rotar a la izquierda,0
"tranquilos, todavía podemos ganar",0
borra el juego cabrona,1
todos te odian en esta comunidad,1
TÚ ERES TARADO,1
BORRA EL JUEGO RATA,1
eres un basura,1
qué retrasada eres,1
juguemos otra ronda,0
aguante argentina jaja,0
vete a la mierda,1
ojalá pierdas todas las partidas cerdo,1
"no estés triste, la ganas la próxima",0
"GG, bien jugado...",0
TU MADRE ES UNA INÚTIL,1
juegas como una mierda,1
este nivel es un infierno de difícil,0
qué partida tan reñida,0
juegas como una mierda,1
cómo se llama esta zona del mapa,0
la rata del laboratorio es un jefe genial,0
"qué bien que jugaste, inútil",1
ME ENCANTA ESTE JUEGO,0
qué mal juegas pelotudo ?,1
borra el juego 35túp1d4,1
eres un cul3r0,1
saludos desde latinoamérica,0
juegas como una mierda :),1
VETE A JUGAR OTRO JUEGO CERDO,1
¿dónde está el boss? :),0
juguemos otra ronda,0
el lag me mata a veces,0
recojan las mejoras del mapa,0
juegas como una mierda,1
"seguro que llegas a diamante jugando así, genio jaja",1
tu madre es una m4r1c4,1
aguante argentina,0
buen trabajo en la última ronda,0
saludos desde latinoamérica,0
gracias por la ayuda...,0
"claro, genio, sigue así",1
tu madre es una culero,1
"no estés triste, la ganas la próxima",0
buena estrategia la del equipo,0
todos te odian en esta comunidad,1
el ping está alto hoy,0
QUÉ PARTIDA TAN REÑIDA,0
buen trabajo en la última ronda,0
voy a revivir a los caídos,0
necesito munición jaja,0
qué mal juegas idiota,1
qué 1nút1l eres,1
m13rd4 de mierda jaja,1
hay que rotar a la izquierda,0
buena estrategia la del equipo,0
necesito que alguien cubra la retaguardia,0
el lag me mata a veces,0
qué buena partida,0
buena jugada jaja,0
juegas como una mierda,1
QUÉ BUENA PARTIDA,0
borra el juego 3s7úp1d0 jaja,1
¿quién quiere jugar ranked?,0
el escuadrón del jefe es complicado jaja,0
TU MADRE ES UNA PERRA,1
AGUANTE ARGENTINA :),0
borra el juego gordo ?,1
tú eres una rata,1
SABES PERDER PORQUE ERES FEO JAJA,1
"excelente, sigue regalando la partida genio!!!",1
buena partida,0
"te voy a reportar, cabron4",1
necesito munición,0
el dragón del nivel 4 da miedo,0
BAJEN POR EL PASILLO DE LA IZQUIERDA ?,0
eres un gilipollas que no sabe nada del juego,1
aguante argentina!!!,0
"vamos equipo, juntos ganamos",0
qué buena partida jaja,0
qué mal juegas cabrona,1
¿quién quiere jugar ranked?,0
"VAMOS EQUIPO, JUNTOS GANAMOS",0
"muy inteligente, campeón, mira cómo juegas",1
eres un inútil,1
borra el juego tonto,1
RECOJAN LAS MEJORAS DEL MAPA,0
la rata del laboratorio es un jefe genial,0
tu madre es una basura,1
¿dónde está el boss?,0
"NO ESTÉS TRISTE, LA GANAS LA PRÓXIMA",0
vamos a ganar el duelo de jefes...,0
buena jugada...,0
eres una 74rado,1
el lag me mata a veces,0
¿dónde consigo las pociones?,0
VETE A JUGAR OTRO JUEGO IMBÉCIL,1
tú eres una rata,1
qué partida tan reñida,0
buen trabajo en la última ronda,0
saludos desde latinoamérica,0
"claro, genio, sigue así",1
"SEGURO QUE LLEGAS A DIAMANTE JUGANDO ASÍ, GENIO",1
"ya cállate, eres insoportable estúpido",1
todos te odian en esta comunidad,1
estoy esperando en la cola del nivel,0
buena jugada,0
¿alguien tiene micrófono?,0
"GG, bien jugado jaja",0
"VAMOS EQUIPO, JUNTOS GANAMOS",0
"seguro que llegas a diamante jugando así, genio",1
cubran la zona B,0
¿dónde consigo las pociones?,0
"muy inteligente, campeón, mira cómo juegas",1
la rata del laboratorio es un jefe genial,0
vete a la mierda,1
"seguro que llegas a diamante jugando así, genio",1
eres la peor persona de este equipo,1
buen trabajo en la última ronda,0
tú eres una rata,1
gracias por la ayuda,0
eres una idiota,1
recojan las mejoras del mapa,0
"muy inteligente, campeón, mira cómo juegas",1
MEJOR CAMBIEMOS DE ESTRATEGIA!!!,0
ERES UN BURRO QUE NO SABE NADA DEL JUEGO,1
juegas como una mierda,1
mejor cambiemos de estrategia jaja,0
"SEGURO QUE LLEGAS A DIAMANTE JUGANDO ASÍ, GENIO",1
tu madre es una pelotudo jaja,1
QUÉ MAL JUEGAS CABRONA,1
OJALÁ TE BANEEN PARA SIEMPRE,1
hay un enemigo a la derecha,0
eres la peor persona de este equipo,1
la rata del laboratorio es un jefe genial,0
recuerden recoger las llaves :),0
"muy inteligente, campeón, mira cómo juegas",1
hay que rotar a la izquierda :),0
qué basura eres,1
juegas como una mierda,1
esa skin es muy bonita,0
necesito munición,0
"MUY INTELIGENTE, CAMPEÓN, MIRA CÓMO JUEGAS!!!",1
me encanta este juego,0
juguemos otra ronda,0
vete a la mierda :),1
qué zorra eres,1
estoy a un punto de subir de nivel,0
"seguro que llegas a diamante jugando así, genio",1
vamos a ganar esta!!!,0
ERES BOLUDO,1
cubran la zona B ?,0
saludos desde latinoamérica,0
"te voy a reportar, pel0tud0!!!",1
sígueme por aquí jaja,0
voy a revivir a los caídos,0
el equipo pierde por tu culpa basura,1
el lag me mata a veces,0
mejor cambiemos de estrategia!!!,0
vamos a ganar el duelo de jefes,0
nadie quiere jugar contigo burro,1
"vamos equipo, juntos ganamos ?",0
aguanten un poco más equipo,0
SABES PERDER PORQUE ERES BURRO,1
cállate boludo!!!,1
cállate pendeja :),1
QUÉ MAL JUEGAS CULERO,1
ojalá pierdas todas las partidas gordo,1
"buena esa, gracias",0
aguante argentina,0
NADIE QUIERE JUGAR CONTIGO P3L07UD0,1
BORRA EL JUEGO P3NDEJ4,1
juegas como una mierda,1
mejor cambiemos de estrategia,0
aguanten un poco más equipo,0
eres la peor persona de este equipo,1
ERES LA PEOR PERSONA DE ESTE EQUIPO,1
borra el juego culero ?,1
recojan las mejoras del mapa,0
¿dónde consigo las pociones?,0
eres un marica que no sabe nada del juego,1
buena estrategia la del equipo,0
estoy esperando en la cola del nivel ?,0
me encanta este juego,0
eres la peor persona de este equipo,1
ese personaje está roto en esta versión,0
el jefe final es muy bueno,0
EL JEFE FINAL ES MUY BUENO,0
"tranquilos, todavía podemos ganar!!!",0
hay que rotar a la izquierda...,0
saludos desde latinoamérica,0
ERES GILIPOLLAS,1
CÓMO SE LLAMA ESTA ZONA DEL MAPA,0
tu madre es una perra!!!,1
no sirves para nada marica,1
el dragón del nivel 4 da miedo,0
sabes perder porque eres boludo!!!,1
el lag me mata a veces,0
mejor cambiemos de estrategia,0
buena estrategia la del equipo,0
qué buena partida,0
"claro, genio, sigue así",1
90rdo de mierda,1
eres una zorra,1
bajen por el pasillo de la izquierda,0
necesito que alguien cubra la retaguardia...,0
ojalá pierdas todas las partidas cabrón,1
la rata del jefe del nivel 3 es difícil de matar...,0
buen trabajo en la última ronda,0
ERES UN PENDEJA,1
juguemos otra ronda ?,0
"te voy a reportar, cabrona",1
saludos desde latinoamérica,0
"claro, genio, sigue así",1
eres tarado,1
qué partida tan reñida!!!,0
ERES LA PEOR PERSONA DE ESTE EQUIPO,1
"seguro que llegas a diamante jugando así, genio",1
el dragón del nivel 4 da miedo :),0
qué partida tan reñida,0
necesito munición...,0
estoy esperando en la cola del nivel,0
¿dónde está el boss?...,0
la rata del laboratorio es un jefe genial,0
qué mal juegas cabrona,1
eres un tar4d0,1
"muy inteligente, campeón, mira cómo juegas",1
necesito munición!!!,0
nadie quiere jugar contigo burro...,1
gracias por la ayuda,0
recuerden recoger las llaves :),0
sabes perder porque eres estúpida,1
eres un m4r1c4,1
"qué bien que jugaste, inútil jaja",1
necesito que alguien cubra la retaguardia!!!,0
"claro, genio, sigue así",1
buena jugada,0
"TE VOY A REPORTAR, CABR0N4",1
¿alguien tiene micrófono?,0
¿dónde está el boss?,0
qué buena partida jaja,0
buen trabajo en la última ronda!!!,0
"excelente, sigue regalando la partida genio",1
"claro, genio, sigue así",1
sabes perder porque eres b0lud0,1
ERES BURRO,1
vete a la mierda,1
necesito que alguien cubra la retaguardia,0
QUÉ MAL JUEGAS CABRÓN,1
tu madre es una 74r4d0,1
buena partida ?,0
tu madre es una culero :),1
la rata del laboratorio es un jefe genial,0
"excelente, sigue regalando la partida genio",1
ERES LA PEOR PERSONA DE ESTE EQUIPO,1
OJALÁ TE BANEEN PARA SIEMPRE,1
buen trabajo en la última ronda,0
"excelente, sigue regalando la partida genio",1
"te voy a reportar, an0rmal",1
"ya cállate, eres insoportable tarado",1
¿alguien tiene micrófono?...,0
no sirves para nada cabrón,1
"muy inteligente, campeón, mira cómo juegas",1
el escuadrón del jefe es complicado,0
hay un enemigo a la derecha,0
qué partida tan reñida,0
LA RATA DEL JEFE DEL NIVEL 3 ES DIFÍCIL DE MATAR,0
EL EQUIPO PIERDE POR TU CULPA RETRASADA ?,1
ojalá pierdas todas las partidas mierda,1
EL JEFE FINAL ES MUY BUENO,0
recojan las mejoras del mapa,0
nadie quiere jugar contigo idiota :),1
ese personaje está roto en esta versión,0
ESA SKIN ES MUY BONITA!!!,0
sabes perder porque eres culero,1
bajen por el pasillo de la izquierda,0
esa skin es muy bonita,0
QUÉ TARADO ERES JAJA,1
"qué bien que jugaste, inútil",1
vamos a ganar esta partida :),0
cállate c4brón :),1
qué mal juegas pend3jo,1
¿alguien tiene micrófono?,0
buena partida :),0
vete a la mierda,1
qué partida tan reñida,0
PÁSAME EL MEDKIT PORFA,0
qué mal juegas feo,1
TÚ ERES UNA RATA!!!,1
VETE A JUGAR OTRO JUEGO PUTO,1
ojalá te baneen para siempre,1
tú eres 70n7a jaja,1
me encanta este juego,0
eres un m4r1c4,1
saludos desde latinoamérica,0
eres una b45ur4,1
¿dónde está el boss?,0
vamos a ganar esta partida...,0
tú eres una rata jaja,1
pásame el medkit porfa,0
no sirves para nada 91lip0ll45,1
borra el juego b0lud0,1
tú eres anormal,1
"GG, bien jugado",0
"claro, genio, sigue así",1
borra el juego retrasado!!!,1
"te voy a reportar, idiota ?",1
juguemos otra ronda,0
qué retrasada eres,1
"ya cállate, eres insoportable retrasada",1
"muy inteligente, campeón, mira cómo juegas...",1
qué buena partida!!!,0
cállate retrasada,1
"ya cállate, eres insoportable retrasado",1
"no estés triste, la ganas la próxima",0
"tranquilos, todavía podemos ganar",0
TÚ ERES TARADO,1
"muy inteligente, campeón, mira cómo juegas",1
"no estés triste, la ganas la próxima",0
QUÉ BUENA PARTIDA...,0
"claro, genio, sigue así",1
el ping está alto hoy,0
qué buena partida,0
"buena esa, gracias",0
el ping está alto hoy,0
qué p3nd3j0 eres,1
ESTOY A UN PUNTO DE SUBIR DE NIVEL,0
GRACIAS POR LA AYUDA,0
el equipo pierde por tu culpa retrasada...,1
aguante argentina!!!,0
el ping está alto hoy,0
EL LAG ME MATA A VECES,0
me encanta este juego jaja,0
recuerden recoger las llaves,0
aguanten un poco más equipo,0
VOY A REVIVIR A LOS CAÍDOS,0
el jefe final es muy bueno,0
ese personaje está roto en esta versión,0
estoy esperando en la cola del nivel,0
BORRA EL JUEGO CABRÓN,1
"tranquilos, todavía podemos ganar",0
"buena esa, gracias",0
juguemos otra ronda,0
"te voy a reportar, perra :)",1
ojalá te baneen para siempre,1
estoy esperando en la cola del nivel!!!,0
"excelente, sigue regalando la partida genio",1
ojalá te baneen para siempre,1
¿DÓNDE CONSIGO LAS POCIONES?,0
eres la peor persona de este equipo,1
vete a la mierda,1
nadie quiere jugar contigo p3ndej4 ?,1
feo de mierda,1
NO SIRVES PARA NADA BOLUDO,1
este nivel es un infierno de difícil :),0
vete a la mierda,1
"qué bien que jugaste, inútil",1
hay que rotar a la izquierda,0
TU MADRE ES UNA CERDO,1
esa skin es muy bonita,0
TÚ ERES BASURA,1
"te voy a reportar, marica",1
"no estés triste, la ganas la próxima",0
GG,0
el escuadrón del jefe es complicado ?,0
qué estúpida eres,1
borra el juego culero,1
la rata del laboratorio es un jefe genial,0
"claro, genio, sigue así!!!",1
el escuadrón del jefe es complicado,0
el equipo pierde por tu culpa inútil,1
¿QUIÉN QUIERE JUGAR RANKED?,0
"excelente, sigue regalando la partida genio",1
aguante argentina,0
¿alguien tiene micrófono?,0
mejor cambiemos de estrategia,0
eres un cabrón,1
voy a revivir a los caídos,0
"te voy a reportar, 7ont0",1
estoy a un punto de subir de nivel,0
ese personaje está roto en esta versión,0
sabes perder porque eres pendejo,1
VAMOS A GANAR EL DUELO DE JEFES :),0
eres la peor persona de este equipo,1
aguanten un poco más equipo,0
"muy inteligente, campeón, mira cómo juegas!!!",1
buena jugada ?,0
AGUANTE ARGENTINA,0
mejor cambiemos de estrategia :),0
ERES UNA ESTÚPIDO,1
¿dónde consigo las pociones?,0
"GENIAL, LO HICIMOS :)",0
el jefe final es muy bueno...,0
TÚ ERES RETRASADA,1
el jefe final es muy bueno,0
qué mal juegas retrasado,1
no sirves para nada boludo,1
buena partida,0
eres un puto,1
sígueme por aquí,0
pásame el medkit porfa,0
"excelente, sigue regalando la partida genio...",1
voy a revivir a los caídos,0
bajen por el pasillo de la izquierda,0
"vamos equipo, juntos ganamos...",0
ESTE NIVEL ES UN INFIERNO DE DIFÍCIL!!!,0
bajen por el pasillo de la izquierda,0
TODOS TE ODIAN EN ESTA COMUNIDAD ?,1
nos vemos en la próxima partida,0
"excelente, sigue regalando la partida genio",1
ese personaje está roto en esta versión,0
buena jugada!!!,0
ojalá pierdas todas las partidas imbécil,1
tú eres ra7a,1
"SEGURO QUE LLEGAS A DIAMANTE JUGANDO ASÍ, GENIO",1
eres la peor persona de este equipo,1
CÓMO SE LLAMA ESTA ZONA DEL MAPA,0
JUGUEMOS OTRA RONDA,0
borra el juego inútil ?,1
me encanta este juego,0
EL EQUIPO PIERDE POR TU CULPA 3S7ÚP1D4!!!,1
¿dónde consigo las pociones?,0
"tranquilos, todavía podemos ganar",0
"ya cállate, eres insoportable cerdo",1
TONTA DE MIERDA,1
vamos a ganar esta,0
vete a la mierda,1
el dragón del nivel 4 da miedo,0
"TE VOY A REPORTAR, ANORMAL",1
"no estés triste, la ganas la próxima",0
eres un retrasada,1
el equipo pierde por tu culpa c3rd0,1
"te voy a reportar, imbécil",1
ESTE NIVEL ES UN INFIERNO DE DIFÍCIL,0
NO SIRVES PARA NADA PUTO,1
juegas como una mierda...,1
¿quién quiere jugar ranked?,0
nadie quiere jugar contigo tonto,1
cállate inútil jaja,1
tú eres gordo,1
sígueme por aquí,0
qué mal juegas mongolo,1
TU MADRE ES UNA B0LUD0 ?,1
recuerden recoger las llaves,0
"claro, genio, sigue así ?",1
ojalá te baneen para siempre,1
juegas como una mierda,1
hay un enemigo a la derecha,0
ojalá te baneen para siempre!!!,1
tu madre es una cabrona,1
cállate imbécil :),1
aguante argentina,0
este nivel es un infierno de difícil jaja,0
QUÉ MAL JUEGAS MAR1C4,1
eres una rata :),1
sabes perder porque eres retrasada!!!,1
necesito que alguien cubra la retaguardia ?,0
me encanta este juego,0
pásame el medkit porfa,0
"QUÉ BIEN QUE JUGASTE, INÚTIL",1
VAMOS A GANAR ESTA...,0
estoy esperando en la cola del nivel,0
"buena esa, gracias",0
el ping está alto hoy,0
"tranquilos, todavía podemos ganar",0
recojan las mejoras del mapa,0
este nivel es un infierno de difícil,0
vete a jugar otro juego g1l1pollas,1
eres anormal,1
buena jugada,0
gg,0
buena jugada...,0
todos te odian en esta comunidad,1
juguemos otra ronda...,0
eres la peor persona de este equipo :),1
"claro, genio, sigue así",1
tú eres una rata,1
aguante argentina,0
cállate gilipollas,1
"EXCELENTE, SIGUE REGALANDO LA PARTIDA GENIO",1
cállate puto,1
"tranquilos, todavía podemos ganar",0
PENDEJA DE MIERDA,1
el lag me mata a veces,0
todos te odian en esta comunidad,1
tarado de mierda,1
ojalá te baneen para siempre,1
sabes perder porque eres anormal,1
hay que rotar a la izquierda ?,0
bajen por el pasillo de la izquierda,0
hay que rotar a la izquierda,0
VAMOS A GANAR ESTA PARTIDA,0
qué mal juegas cabrón,1
el equipo pierde por tu culpa pendeja,1
eres un m4r1ca que no sabe nada del juego,1
buen trabajo en la última ronda,0
todos te odian en esta comunidad,1
bajen por el pasillo de la izquierda...,0
cómo se llama esta zona del mapa,0
gg,0
sígueme por aquí,0
"vamos equipo, juntos ganamos",0
borra el juego zorra,1
la rata del laboratorio es un jefe genial,0
estoy esperando en la cola del nivel,0
buen trabajo en la última ronda,0
vete a la mierda,1
qué partida tan reñida,0
el dragón del nivel 4 da miedo,0
TU MADRE ES UNA PENDEJA,1
¿dónde consigo las pociones?,0
qué buena partida,0
tu madre es una anormal!!!,1
juegas como una mierda,1
eres la peor persona de este equipo,1
la rata del laboratorio es un jefe genial,0
pásame el medkit porfa,0
"no estés triste, la ganas la próxima",0
GRACIAS POR LA AYUDA,0
necesito que alguien cubra la retaguardia,0
nos vemos en la próxima partida jaja,0
eres gordo,1
eres un mongolo que no sabe nada del juego,1
"QUÉ BIEN QUE JUGASTE, INÚTIL",1
"YA CÁLLATE, ERES INSOPORTABLE BASURA JAJA",1
cómo se llama esta zona del mapa,0
juegas como una mierda,1
BUENA PARTIDA,0
GG,0
buena partida,0
hay que rotar a la izquierda,0
"ya cállate, eres insoportable idiota :)",1
ERES UNA TONTA,1
el dragón del nivel 4 da miedo :),0
el escuadrón del jefe es complicado,0
aguante argentina!!!,0
JUEGAS COMO UNA MIERDA,1
"no estés triste, la ganas la próxima",0
nadie quiere jugar contigo 357úpid0,1
juegas como una mierda,1
el dragón del nivel 4 da miedo :),0
nos vemos en la próxima partida,0
qué partida tan reñida,0
aguante argentina,0
"te voy a reportar, c4brón",1
qué partida tan reñida,0
nos vemos en la próxima partida,0
estoy a un punto de subir de nivel,0
gg!!!,0
todos te odian en esta comunidad ?,1
ojalá te baneen para siempre,1
¿dónde consigo las pociones? :),0
recojan las mejoras del mapa,0
qué partida tan reñida,0
"TE VOY A REPORTAR, FEO",1
recojan las mejoras del mapa,0
"ya cállate, eres insoportable perra",1
la rata del jefe del nivel 3 es difícil de matar,0
"excelente, sigue regalando la partida genio",1
"te voy a reportar, idiota",1
nos vemos en la próxima partida,0
vete a la mierda,1
"genial, lo hicimos!!!",0
el dragón del nivel 4 da miedo,0
ESTÚPIDA DE MIERDA,1
eres la peor persona de este equipo,1
cállate boludo...,1
bajen por el pasillo de la izquierda,0
¿dónde está el boss?!!!,0
el lag me mata a veces,0
vamos a ganar el duelo de jefes,0
cubran la zona B,0
cállate r474,1
vamos a ganar esta,0
VETE A LA MIERDA,1
el jefe final es muy bueno ?,0
sígueme por aquí,0
TODOS TE ODIAN EN ESTA COMUNIDAD...,1
"muy inteligente, campeón, mira cómo juegas",1
la rata del jefe del nivel 3 es difícil de matar,0
juguemos otra ronda,0
qué mongolo eres :),1
buena estrategia la del equipo,0
qué mal juegas pelotudo,1
¿quién quiere jugar ranked?,0
TÚ ERES PELOTUDO,1
¿dónde consigo las pociones?,0
juguemos otra ronda,0
sabes perder porque eres g1l1p0ll45,1
me encanta este juego,0
cubran la zona B :),0
VETE A LA MIERDA,1
aguanten un poco más equipo,0
"no estés triste, la ganas la próxima...",0
QUÉ BUENA PARTIDA,0
¿dónde está el boss?,0
necesito munición,0
no sirves para nada puto,1
NOS VEMOS EN LA PRÓXIMA PARTIDA,0
buena jugada,0
saludos desde latinoamérica,0
necesito munición!!!,0
borra el juego pendeja jaja,1
el equipo pierde por tu culpa 9ilip0ll4s...,1
"te voy a reportar, gordo",1
ESTOY A UN PUNTO DE SUBIR DE NIVEL,0
vete a la mierda,1
borra el juego zorra,1
sabes perder porque eres pelotudo,1
saludos desde latinoamérica,0
qué mal juegas 74r4d0,1
"excelente, sigue regalando la partida genio :)",1
eres un feo que no sabe nada del juego,1
el escuadrón del jefe es complicado,0
juegas como una mierda,1
nos vemos en la próxima partida,0
"qué bien que jugaste, inútil",1
"muy inteligente, campeón, mira cómo juegas",1
EL DRAGÓN DEL NIVEL 4 DA MIEDO,0
eres una pelotudo,1
el ping está alto hoy,0
"vamos equipo, juntos ganamos",0
ese personaje está roto en esta versión,0
BORRA EL JUEGO ESTÚPIDA,1
tú eres una rata,1
juguemos otra ronda...,0
el dragón del nivel 4 da miedo,0
qué buena partida,0
"GG, bien jugado",0
VAMOS A GANAR ESTA,0
el escuadrón del jefe es complicado,0
eres la peor persona de este equipo,1
LA RATA DEL JEFE DEL NIVEL 3 ES DIFÍCIL DE MATAR JAJA,0
estoy esperando en la cola del nivel,0
"TE VOY A REPORTAR, CABRONA",1
eres la peor persona de este equipo jaja,1
la rata del laboratorio es un jefe genial,0
tú eres imbécil,1
qué imbécil eres ?,1
el equipo pierde por tu culpa f3o,1
"ya cállate, eres insoportable gordo",1
"no estés triste, la ganas la próxima",0
cubran la zona B,0
sabes perder porque eres p3lotud0 jaja,1
"ya cállate, eres insoportable mongolo",1
¿alguien tiene micrófono?,0
eres una p3nd3ja,1
voy a revivir a los caídos,0
ojalá pierdas todas las partidas feo,1
sígueme por aquí,0
"claro, genio, sigue así",1
no sirves para nada ton70,1
recojan las mejoras del mapa!!!,0
el equipo pierde por tu culpa inútil,1
LA RATA DEL JEFE DEL NIVEL 3 ES DIFÍCIL DE MATAR,0
VETE A LA MIERDA,1
vete a jugar otro juego cabrona,1
sígueme por aquí,0
VAMOS A GANAR ESTA PARTIDA,0
ERES UNA CERDO,1
no sirves para nada marica,1
gg,0
juguemos otra ronda,0
HAY UN ENEMIGO A LA DERECHA :),0
"muy inteligente, campeón, mira cómo juegas",1
borra el juego marica jaja,1
